run_utc,target_date,method,note,model_version,before_gate_closure
2026-09-18T14:39Z,2026-09-19,model,trained on 32386 h; weather: smhi 2026-09-18T14:15:00Z,,
2026-09-18T14:50Z,2026-09-19,exists,2026-09-19.csv already published,,
2026-09-19T12:28Z,2026-09-20,model,trained on 32411 h; weather: smhi 2026-09-19T12:00:00Z,,
2026-09-20T13:01Z,2026-09-21,model,trained on 32436 h; weather: smhi 2026-09-20T12:30:00Z,,
2026-09-21T15:04Z,2026-09-22,model,trained on 32462 h; weather: smhi 2026-09-21T14:45:00Z,,
2026-09-22T12:28Z,2026-09-23,model,trained on 32482 h; weather: smhi regional 9 cities (fresh),v2,False
2026-09-22T12:50Z,2026-09-23,exists,2026-09-23.csv already published,,
2026-09-23T09:30Z,2026-09-24,model,trained on 32499 h; weather: smhi regional 9 cities (fresh),v2,True
2026-09-23T11:23Z,2026-09-24,exists,2026-09-24.csv already published,,
2026-09-23T12:57Z,2026-09-24,exists,2026-09-24.csv already published,,
2026-09-24T09:28Z,2026-09-25,model,trained on 32522 h; weather: smhi regional 9 cities (fresh),v2,True
2026-09-24T11:35Z,2026-09-25,exists,2026-09-25.csv already published,,
2026-09-24T12:51Z,2026-09-25,exists,2026-09-25.csv already published,,
2026-09-25T09:46Z,2026-09-26,model,trained on 32547 h; weather: smhi regional 9 cities (fresh),v2,True
2026-09-25T11:42Z,2026-09-26,exists,2026-09-26.csv already published,,
2026-09-25T12:55Z,2026-09-26,exists,2026-09-26.csv already published,,
2026-09-26T09:30Z,2026-09-27,model,trained on 32571 h; weather: smhi regional 9 cities (fresh),v2,True
2026-09-26T11:15Z,2026-09-27,exists,2026-09-27.csv already published,,
2026-09-26T12:24Z,2026-09-27,exists,2026-09-27.csv already published,,
2026-09-27T10:11Z,2026-09-28,model,trained on 32596 h; weather: smhi regional 9 cities (fresh),v2,False
2026-09-27T11:54Z,2026-09-28,exists,2026-09-28.csv already published,,
2026-09-27T13:14Z,2026-09-28,exists,2026-09-28.csv already published,,
2026-09-28T11:11Z,2026-09-29,model,trained on 32621 h; weather: smhi regional 9 cities (fresh),v2,False
2026-09-28T13:41Z,2026-09-29,exists,2026-09-29.csv already published,,
2026-09-28T15:49Z,2026-09-29,exists,2026-09-29.csv already published,,
2026-09-29T10:52Z,2026-09-30,model,trained on 32645 h; weather: smhi regional 9 cities (fresh),v2,False
2026-09-29T12:40Z,2026-09-30,exists,2026-09-30.csv already published,,
2026-09-29T14:17Z,2026-09-30,exists,2026-09-30.csv already published,,
