date,method,model_version,before_gate_closure,hours,mae_model,mae_baseline,mape_model,mape_baseline,bias_model,range_coverage,range_width
2026-09-19,model,v1,,24,223.38,194.82,2.81,2.58,-175.1,,
2026-09-20,model,v1,,24,243.91,151.41,3.14,1.9,-243.91,,
2026-09-21,model,v1,,24,175.28,200.08,1.93,2.29,-124.41,,
2026-09-22,model,v1,,24,236.74,429.14,2.77,5.03,-58.54,,
2026-09-23,model,v2,False,24,196.59,210.65,2.19,2.46,-196.59,,
2026-09-24,model,v2,True,24,177.98,191.96,2.08,2.22,-154.29,91.67,857.98
2026-09-25,model,v2,True,24,213.15,297.8,2.45,3.38,-204.72,100.0,858.28
2026-09-26,model,v2,True,24,278.07,278.66,3.57,3.57,-272.69,70.83,857.91
2026-09-27,model,v2,True,24,256.44,271.32,3.25,3.47,-150.71,87.5,853.69
2026-09-28,model,v2,False,24,290.56,332.98,3.26,3.81,-265.41,83.33,854.38
2026-09-29,model,v2,False,24,143.99,219.01,1.75,2.52,-118.87,91.67,852.14
2026-09-30,model,v2,False,24,106.32,174.64,1.26,2.05,-90.88,100.0,849.93
2026-10-01,model,v2,False,24,146.16,174.95,1.73,2.05,-39.94,100.0,855.28
2026-10-02,model,v2,False,24,199.34,121.6,2.27,1.4,-193.13,100.0,854.22
2026-10-03,model,v2,False,24,143.09,170.01,1.89,2.19,-52.31,95.83,850.11
2026-10-04,model,v2,False,24,236.94,252.06,3.0,3.14,-156.68,83.33,860.03
2026-10-05,model,v2,False,24,678.18,551.53,6.57,5.34,-676.99,37.5,848.53
2026-10-06,model,v2,False,24,327.89,342.61,3.68,3.91,-35.37,58.33,855.57
2026-10-07,model,v2,False,24,216.14,299.71,2.45,3.31,-43.06,83.33,854.06
2026-10-08,model,v2,False,24,375.53,584.43,3.85,6.06,-373.83,62.5,858.81
2026-10-09,model,v2,False,24,194.07,697.23,2.05,7.41,-191.44,95.83,860.3
