time_utc,forecast_mw,baseline_mw,temp_fc_c,method,issued_utc,weather,target_date,model_version,before_gate_closure,p10_mw,p90_mw,actual_mw,err_model,err_baseline
2026-09-18 22:00:00+00:00,7197.8,7410.0,12.7,model,2026-09-18T14:39Z,smhi 2026-09-18T14:15:00Z,2026-09-19,v1,,,,7157.75,40.05000000000018,252.25
2026-09-18 23:00:00+00:00,7161.2,7247.5,12.6,model,2026-09-18T14:39Z,smhi 2026-09-18T14:15:00Z,2026-09-19,v1,,,,7001.5,159.69999999999982,246.0
2026-09-19 00:00:00+00:00,7020.6,7239.2,12.6,model,2026-09-18T14:39Z,smhi 2026-09-18T14:15:00Z,2026-09-19,v1,,,,6860.5,160.10000000000036,378.6999999999998
2026-09-19 01:00:00+00:00,6906.0,7130.8,12.3,model,2026-09-18T14:39Z,smhi 2026-09-18T14:15:00Z,2026-09-19,v1,,,,6784.0,122.0,346.8000000000002
2026-09-19 02:00:00+00:00,6841.0,7017.5,12.2,model,2026-09-18T14:39Z,smhi 2026-09-18T14:15:00Z,2026-09-19,v1,,,,6834.0,7.0,183.5
2026-09-19 03:00:00+00:00,6904.8,7013.0,12.2,model,2026-09-18T14:39Z,smhi 2026-09-18T14:15:00Z,2026-09-19,v1,,,,6814.25,90.55000000000018,198.75
2026-09-19 04:00:00+00:00,7023.9,7032.5,12.4,model,2026-09-18T14:39Z,smhi 2026-09-18T14:15:00Z,2026-09-19,v1,,,,7031.5,-7.600000000000364,1.0
2026-09-19 05:00:00+00:00,7117.6,7304.0,12.4,model,2026-09-18T14:39Z,smhi 2026-09-18T14:15:00Z,2026-09-19,v1,,,,7186.5,-68.89999999999964,117.5
2026-09-19 06:00:00+00:00,7437.1,7657.0,12.8,model,2026-09-18T14:39Z,smhi 2026-09-18T14:15:00Z,2026-09-19,v1,,,,7466.25,-29.149999999999636,190.75
2026-09-19 07:00:00+00:00,7708.0,7859.5,13.6,model,2026-09-18T14:39Z,smhi 2026-09-18T14:15:00Z,2026-09-19,v1,,,,7716.5,-8.5,143.0
2026-09-19 08:00:00+00:00,7756.9,7901.2,14.2,model,2026-09-18T14:39Z,smhi 2026-09-18T14:15:00Z,2026-09-19,v1,,,,7935.25,-178.35000000000036,-34.05000000000018
2026-09-19 09:00:00+00:00,7721.0,8001.8,15.0,model,2026-09-18T14:39Z,smhi 2026-09-18T14:15:00Z,2026-09-19,v1,,,,8184.5,-463.5,-182.69999999999982
2026-09-19 10:00:00+00:00,7735.0,7855.8,15.2,model,2026-09-18T14:39Z,smhi 2026-09-18T14:15:00Z,2026-09-19,v1,,,,8188.5,-453.5,-332.6999999999998
2026-09-19 11:00:00+00:00,7708.3,7963.0,16.3,model,2026-09-18T14:39Z,smhi 2026-09-18T14:15:00Z,2026-09-19,v1,,,,8291.25,-582.9499999999998,-328.25
2026-09-19 12:00:00+00:00,7728.7,7920.8,16.0,model,2026-09-18T14:39Z,smhi 2026-09-18T14:15:00Z,2026-09-19,v1,,,,8299.5,-570.8000000000002,-378.6999999999998
2026-09-19 13:00:00+00:00,7709.9,7951.2,16.5,model,2026-09-18T14:39Z,smhi 2026-09-18T14:15:00Z,2026-09-19,v1,,,,8204.75,-494.85000000000036,-253.55000000000018
2026-09-19 14:00:00+00:00,7800.2,8105.2,17.1,model,2026-09-18T14:39Z,smhi 2026-09-18T14:15:00Z,2026-09-19,v1,,,,8167.25,-367.0500000000002,-62.05000000000018
2026-09-19 15:00:00+00:00,8065.3,8270.0,16.8,model,2026-09-18T14:39Z,smhi 2026-09-18T14:15:00Z,2026-09-19,v1,,,,8289.75,-224.44999999999982,-19.75
2026-09-19 16:00:00+00:00,8105.7,8323.2,16.3,model,2026-09-18T14:39Z,smhi 2026-09-18T14:15:00Z,2026-09-19,v1,,,,8246.5,-140.80000000000018,76.70000000000073
2026-09-19 17:00:00+00:00,8091.8,8300.2,15.9,model,2026-09-18T14:39Z,smhi 2026-09-18T14:15:00Z,2026-09-19,v1,,,,8253.25,-161.44999999999982,46.95000000000073
2026-09-19 18:00:00+00:00,7981.5,8177.0,15.6,model,2026-09-18T14:39Z,smhi 2026-09-18T14:15:00Z,2026-09-19,v1,,,,8199.75,-218.25,-22.75
2026-09-19 19:00:00+00:00,7701.6,7784.8,15.5,model,2026-09-18T14:39Z,smhi 2026-09-18T14:15:00Z,2026-09-19,v1,,,,7969.75,-268.14999999999964,-184.94999999999982
2026-09-19 20:00:00+00:00,7468.1,7432.8,15.2,model,2026-09-18T14:39Z,smhi 2026-09-18T14:15:00Z,2026-09-19,v1,,,,7775.5,-307.39999999999964,-342.6999999999998
2026-09-19 21:00:00+00:00,7198.7,7083.2,14.8,model,2026-09-18T14:39Z,smhi 2026-09-18T14:15:00Z,2026-09-19,v1,,,,7434.75,-236.05000000000018,-351.5500000000002
2026-09-19 22:00:00+00:00,6865.6,6975.5,15.2,model,2026-09-19T12:28Z,smhi 2026-09-19T12:00:00Z,2026-09-20,v1,,,,7073.0,-207.39999999999964,-97.5
2026-09-19 23:00:00+00:00,6788.3,6942.2,14.5,model,2026-09-19T12:28Z,smhi 2026-09-19T12:00:00Z,2026-09-20,v1,,,,6975.75,-187.44999999999982,-33.55000000000018
2026-09-20 00:00:00+00:00,6720.3,6806.0,14.1,model,2026-09-19T12:28Z,smhi 2026-09-19T12:00:00Z,2026-09-20,v1,,,,6935.75,-215.44999999999982,-129.75
2026-09-20 01:00:00+00:00,6579.4,6638.0,13.7,model,2026-09-19T12:28Z,smhi 2026-09-19T12:00:00Z,2026-09-20,v1,,,,6873.25,-293.85000000000036,-235.25
2026-09-20 02:00:00+00:00,6465.1,6574.0,13.5,model,2026-09-19T12:28Z,smhi 2026-09-19T12:00:00Z,2026-09-20,v1,,,,6832.5,-367.39999999999964,-258.5
2026-09-20 03:00:00+00:00,6576.3,6773.8,13.1,model,2026-09-19T12:28Z,smhi 2026-09-19T12:00:00Z,2026-09-20,v1,,,,6901.5,-325.1999999999998,-127.69999999999982
2026-09-20 04:00:00+00:00,6678.4,6889.5,13.0,model,2026-09-19T12:28Z,smhi 2026-09-19T12:00:00Z,2026-09-20,v1,,,,7020.0,-341.60000000000036,-130.5
2026-09-20 05:00:00+00:00,6800.5,7003.5,12.9,model,2026-09-19T12:28Z,smhi 2026-09-19T12:00:00Z,2026-09-20,v1,,,,7126.25,-325.75,-122.75
2026-09-20 06:00:00+00:00,7177.3,7375.2,13.3,model,2026-09-19T12:28Z,smhi 2026-09-19T12:00:00Z,2026-09-20,v1,,,,7436.5,-259.1999999999998,-61.30000000000018
2026-09-20 07:00:00+00:00,7546.6,7743.2,13.8,model,2026-09-19T12:28Z,smhi 2026-09-19T12:00:00Z,2026-09-20,v1,,,,7604.0,-57.399999999999636,139.19999999999982
2026-09-20 08:00:00+00:00,7713.7,7991.8,14.4,model,2026-09-19T12:28Z,smhi 2026-09-19T12:00:00Z,2026-09-20,v1,,,,7865.75,-152.05000000000018,126.05000000000018
2026-09-20 09:00:00+00:00,7884.3,8134.0,15.1,model,2026-09-19T12:28Z,smhi 2026-09-19T12:00:00Z,2026-09-20,v1,,,,8086.5,-202.19999999999982,47.5
2026-09-20 10:00:00+00:00,7964.0,8216.5,15.6,model,2026-09-19T12:28Z,smhi 2026-09-19T12:00:00Z,2026-09-20,v1,,,,8227.0,-263.0,-10.5
2026-09-20 11:00:00+00:00,8079.9,8240.5,16.2,model,2026-09-19T12:28Z,smhi 2026-09-19T12:00:00Z,2026-09-20,v1,,,,8215.0,-135.10000000000036,25.5
2026-09-20 12:00:00+00:00,8148.2,8240.2,16.4,model,2026-09-19T12:28Z,smhi 2026-09-19T12:00:00Z,2026-09-20,v1,,,,8160.5,-12.300000000000182,79.70000000000073
2026-09-20 13:00:00+00:00,8017.2,8173.8,16.4,model,2026-09-19T12:28Z,smhi 2026-09-19T12:00:00Z,2026-09-20,v1,,,,8216.75,-199.55000000000018,-42.94999999999982
2026-09-20 14:00:00+00:00,8154.9,8228.2,16.4,model,2026-09-19T12:28Z,smhi 2026-09-19T12:00:00Z,2026-09-20,v1,,,,8294.25,-139.35000000000036,-66.04999999999927
2026-09-20 15:00:00+00:00,8414.5,8385.2,15.8,model,2026-09-19T12:28Z,smhi 2026-09-19T12:00:00Z,2026-09-20,v1,,,,8578.5,-164.0,-193.29999999999927
2026-09-20 16:00:00+00:00,8551.1,8477.0,15.4,model,2026-09-19T12:28Z,smhi 2026-09-19T12:00:00Z,2026-09-20,v1,,,,8886.0,-334.89999999999964,-409.0
2026-09-20 17:00:00+00:00,8590.7,8577.2,14.2,model,2026-09-19T12:28Z,smhi 2026-09-19T12:00:00Z,2026-09-20,v1,,,,9086.25,-495.5499999999993,-509.0499999999993
2026-09-20 18:00:00+00:00,8558.6,8524.0,13.4,model,2026-09-19T12:28Z,smhi 2026-09-19T12:00:00Z,2026-09-20,v1,,,,8973.75,-415.14999999999964,-449.75
2026-09-20 19:00:00+00:00,8229.8,8333.8,12.7,model,2026-09-19T12:28Z,smhi 2026-09-19T12:00:00Z,2026-09-20,v1,,,,8485.75,-255.95000000000073,-151.95000000000073
2026-09-20 20:00:00+00:00,7837.8,7940.5,12.2,model,2026-09-19T12:28Z,smhi 2026-09-19T12:00:00Z,2026-09-20,v1,,,,8104.5,-266.6999999999998,-164.0
2026-09-20 21:00:00+00:00,7528.4,7743.2,11.8,model,2026-09-19T12:28Z,smhi 2026-09-19T12:00:00Z,2026-09-20,v1,,,,7765.75,-237.35000000000036,-22.550000000000182
2026-09-20 22:00:00+00:00,7339.6,7488.5,11.8,model,2026-09-20T13:01Z,smhi 2026-09-20T12:30:00Z,2026-09-21,v1,,,,7324.25,15.350000000000364,164.25
2026-09-20 23:00:00+00:00,7186.2,7260.0,11.5,model,2026-09-20T13:01Z,smhi 2026-09-20T12:30:00Z,2026-09-21,v1,,,,7168.25,17.949999999999818,91.75
2026-09-21 00:00:00+00:00,7133.3,7256.5,11.2,model,2026-09-20T13:01Z,smhi 2026-09-20T12:30:00Z,2026-09-21,v1,,,,7110.25,23.050000000000182,146.25
2026-09-21 01:00:00+00:00,7176.3,7358.5,10.9,model,2026-09-20T13:01Z,smhi 2026-09-20T12:30:00Z,2026-09-21,v1,,,,7085.25,91.05000000000018,273.25
2026-09-21 02:00:00+00:00,7104.5,7261.2,10.3,model,2026-09-20T13:01Z,smhi 2026-09-20T12:30:00Z,2026-09-21,v1,,,,7064.5,40.0,196.69999999999982
2026-09-21 03:00:00+00:00,7575.2,7712.2,9.9,model,2026-09-20T13:01Z,smhi 2026-09-20T12:30:00Z,2026-09-21,v1,,,,7556.0,19.199999999999818,156.19999999999982
2026-09-21 04:00:00+00:00,8536.4,8577.2,9.7,model,2026-09-20T13:01Z,smhi 2026-09-20T12:30:00Z,2026-09-21,v1,,,,8486.5,49.899999999999636,90.70000000000073
2026-09-21 05:00:00+00:00,9153.3,9177.5,9.9,model,2026-09-20T13:01Z,smhi 2026-09-20T12:30:00Z,2026-09-21,v1,,,,9332.0,-178.70000000000073,-154.5
2026-09-21 06:00:00+00:00,9384.5,9410.0,10.8,model,2026-09-20T13:01Z,smhi 2026-09-20T12:30:00Z,2026-09-21,v1,,,,9563.25,-178.75,-153.25
2026-09-21 07:00:00+00:00,9367.9,9229.8,11.5,model,2026-09-20T13:01Z,smhi 2026-09-20T12:30:00Z,2026-09-21,v1,,,,9587.25,-219.35000000000036,-357.4500000000007
2026-09-21 08:00:00+00:00,9271.0,9221.5,12.3,model,2026-09-20T13:01Z,smhi 2026-09-20T12:30:00Z,2026-09-21,v1,,,,9396.75,-125.75,-175.25
2026-09-21 09:00:00+00:00,9229.3,9164.5,13.4,model,2026-09-20T13:01Z,smhi 2026-09-20T12:30:00Z,2026-09-21,v1,,,,9125.5,103.79999999999927,39.0
2026-09-21 10:00:00+00:00,9155.6,9141.2,14.3,model,2026-09-20T13:01Z,smhi 2026-09-20T12:30:00Z,2026-09-21,v1,,,,9000.75,154.85000000000036,140.45000000000073
2026-09-21 11:00:00+00:00,9063.5,9140.5,15.1,model,2026-09-20T13:01Z,smhi 2026-09-20T12:30:00Z,2026-09-21,v1,,,,9140.25,-76.75,0.25
2026-09-21 12:00:00+00:00,9038.2,9080.8,15.1,model,2026-09-20T13:01Z,smhi 2026-09-20T12:30:00Z,2026-09-21,v1,,,,9131.75,-93.54999999999927,-50.95000000000073
2026-09-21 13:00:00+00:00,9041.3,9114.5,15.2,model,2026-09-20T13:01Z,smhi 2026-09-20T12:30:00Z,2026-09-21,v1,,,,8946.0,95.29999999999927,168.5
2026-09-21 14:00:00+00:00,9087.7,9181.2,14.7,model,2026-09-20T13:01Z,smhi 2026-09-20T12:30:00Z,2026-09-21,v1,,,,9199.5,-111.79999999999927,-18.299999999999272
2026-09-21 15:00:00+00:00,9249.6,9214.5,14.5,model,2026-09-20T13:01Z,smhi 2026-09-20T12:30:00Z,2026-09-21,v1,,,,9600.75,-351.14999999999964,-386.25
2026-09-21 16:00:00+00:00,9250.2,9158.5,14.0,model,2026-09-20T13:01Z,smhi 2026-09-20T12:30:00Z,2026-09-21,v1,,,,9639.0,-388.7999999999993,-480.5
2026-09-21 17:00:00+00:00,9258.2,9273.0,13.1,model,2026-09-20T13:01Z,smhi 2026-09-20T12:30:00Z,2026-09-21,v1,,,,9573.75,-315.5499999999993,-300.75
2026-09-21 18:00:00+00:00,9096.6,9112.5,12.3,model,2026-09-20T13:01Z,smhi 2026-09-20T12:30:00Z,2026-09-21,v1,,,,9545.0,-448.39999999999964,-432.5
2026-09-21 19:00:00+00:00,8801.6,8804.5,11.8,model,2026-09-20T13:01Z,smhi 2026-09-20T12:30:00Z,2026-09-21,v1,,,,9143.75,-342.14999999999964,-339.25
2026-09-21 20:00:00+00:00,8408.7,8485.8,11.7,model,2026-09-20T13:01Z,smhi 2026-09-20T12:30:00Z,2026-09-21,v1,,,,8764.75,-356.0499999999993,-278.9500000000007
2026-09-21 21:00:00+00:00,7996.5,8199.2,11.4,model,2026-09-20T13:01Z,smhi 2026-09-20T12:30:00Z,2026-09-21,v1,,,,8406.0,-409.5,-206.79999999999927
2026-09-21 22:00:00+00:00,7559.9,7491.0,11.5,model,2026-09-21T15:04Z,smhi 2026-09-21T14:45:00Z,2026-09-22,v1,,,,7923.5,-363.60000000000036,-432.5
2026-09-21 23:00:00+00:00,7378.8,7352.8,11.0,model,2026-09-21T15:04Z,smhi 2026-09-21T14:45:00Z,2026-09-22,v1,,,,7727.5,-348.6999999999998,-374.6999999999998
2026-09-22 00:00:00+00:00,7263.8,7113.5,10.5,model,2026-09-21T15:04Z,smhi 2026-09-21T14:45:00Z,2026-09-22,v1,,,,7433.0,-169.19999999999982,-319.5
2026-09-22 01:00:00+00:00,7210.7,7020.8,10.0,model,2026-09-21T15:04Z,smhi 2026-09-21T14:45:00Z,2026-09-22,v1,,,,7417.75,-207.05000000000018,-396.9499999999998
2026-09-22 02:00:00+00:00,7287.9,7030.5,9.5,model,2026-09-21T15:04Z,smhi 2026-09-21T14:45:00Z,2026-09-22,v1,,,,7511.0,-223.10000000000036,-480.5
2026-09-22 03:00:00+00:00,7705.4,7448.5,9.2,model,2026-09-21T15:04Z,smhi 2026-09-21T14:45:00Z,2026-09-22,v1,,,,8084.25,-378.85000000000036,-635.75
2026-09-22 04:00:00+00:00,8578.1,8118.2,9.0,model,2026-09-21T15:04Z,smhi 2026-09-21T14:45:00Z,2026-09-22,v1,,,,8902.25,-324.14999999999964,-784.0500000000002
2026-09-22 05:00:00+00:00,9222.9,8737.8,8.8,model,2026-09-21T15:04Z,smhi 2026-09-21T14:45:00Z,2026-09-22,v1,,,,9425.75,-202.85000000000036,-687.9500000000007
2026-09-22 06:00:00+00:00,9498.7,9086.8,9.4,model,2026-09-21T15:04Z,smhi 2026-09-21T14:45:00Z,2026-09-22,v1,,,,9355.0,143.70000000000073,-268.2000000000007
2026-09-22 07:00:00+00:00,9476.9,9042.2,10.6,model,2026-09-21T15:04Z,smhi 2026-09-21T14:45:00Z,2026-09-22,v1,,,,9228.5,248.39999999999964,-186.29999999999927
2026-09-22 08:00:00+00:00,9348.2,9172.2,12.0,model,2026-09-21T15:04Z,smhi 2026-09-21T14:45:00Z,2026-09-22,v1,,,,9091.5,256.7000000000007,80.70000000000073
2026-09-22 09:00:00+00:00,9237.2,9311.5,13.6,model,2026-09-21T15:04Z,smhi 2026-09-21T14:45:00Z,2026-09-22,v1,,,,8850.0,387.2000000000007,461.5
2026-09-22 10:00:00+00:00,9079.1,9525.8,14.9,model,2026-09-21T15:04Z,smhi 2026-09-21T14:45:00Z,2026-09-22,v1,,,,8754.25,324.85000000000036,771.5499999999993
2026-09-22 11:00:00+00:00,8985.3,9595.2,15.8,model,2026-09-21T15:04Z,smhi 2026-09-21T14:45:00Z,2026-09-22,v1,,,,8720.5,264.7999999999993,874.7000000000007
2026-09-22 12:00:00+00:00,8940.7,9491.0,16.3,model,2026-09-21T15:04Z,smhi 2026-09-21T14:45:00Z,2026-09-22,v1,,,,8794.25,146.45000000000073,696.75
2026-09-22 13:00:00+00:00,8940.0,9375.8,16.4,model,2026-09-21T15:04Z,smhi 2026-09-21T14:45:00Z,2026-09-22,v1,,,,8696.25,243.75,679.5499999999993
2026-09-22 14:00:00+00:00,8963.0,9293.8,16.0,model,2026-09-21T15:04Z,smhi 2026-09-21T14:45:00Z,2026-09-22,v1,,,,8840.5,122.5,453.2999999999993
2026-09-22 15:00:00+00:00,9144.5,9333.5,15.8,model,2026-09-21T15:04Z,smhi 2026-09-21T14:45:00Z,2026-09-22,v1,,,,9226.25,-81.75,107.25
2026-09-22 16:00:00+00:00,9152.9,9406.2,14.9,model,2026-09-21T15:04Z,smhi 2026-09-21T14:45:00Z,2026-09-22,v1,,,,9256.0,-103.10000000000036,150.20000000000073
2026-09-22 17:00:00+00:00,9207.9,9359.0,13.4,model,2026-09-21T15:04Z,smhi 2026-09-21T14:45:00Z,2026-09-22,v1,,,,9394.75,-186.85000000000036,-35.75
2026-09-22 18:00:00+00:00,9090.8,9202.0,12.4,model,2026-09-21T15:04Z,smhi 2026-09-21T14:45:00Z,2026-09-22,v1,,,,9324.25,-233.45000000000073,-122.25
2026-09-22 19:00:00+00:00,8872.5,8855.2,11.2,model,2026-09-21T15:04Z,smhi 2026-09-21T14:45:00Z,2026-09-22,v1,,,,9021.5,-149.0,-166.29999999999927
2026-09-22 20:00:00+00:00,8451.2,8230.0,10.8,model,2026-09-21T15:04Z,smhi 2026-09-21T14:45:00Z,2026-09-22,v1,,,,8585.75,-134.54999999999927,-355.75
2026-09-22 21:00:00+00:00,7980.8,7640.5,10.3,model,2026-09-21T15:04Z,smhi 2026-09-21T14:45:00Z,2026-09-22,v1,,,,8418.0,-437.1999999999998,-777.5
2026-09-22 22:00:00+00:00,7694.2,7390.8,8.7,model,2026-09-22T12:28Z,smhi regional 9 cities (fresh),2026-09-23,v2,False,,,7951.0,-256.8000000000002,-560.1999999999998
2026-09-22 23:00:00+00:00,7590.4,7418.0,8.1,model,2026-09-22T12:28Z,smhi regional 9 cities (fresh),2026-09-23,v2,False,,,7750.0,-159.60000000000036,-332.0
2026-09-23 00:00:00+00:00,7519.3,7369.8,7.6,model,2026-09-22T12:28Z,smhi regional 9 cities (fresh),2026-09-23,v2,False,,,7601.5,-82.19999999999982,-231.69999999999982
2026-09-23 01:00:00+00:00,7523.0,7360.0,7.2,model,2026-09-22T12:28Z,smhi regional 9 cities (fresh),2026-09-23,v2,False,,,7660.75,-137.75,-300.75
2026-09-23 02:00:00+00:00,7503.8,7277.5,6.7,model,2026-09-22T12:28Z,smhi regional 9 cities (fresh),2026-09-23,v2,False,,,7583.5,-79.69999999999982,-306.0
2026-09-23 03:00:00+00:00,7854.6,7422.8,6.4,model,2026-09-22T12:28Z,smhi regional 9 cities (fresh),2026-09-23,v2,False,,,7970.5,-115.89999999999964,-547.6999999999998
2026-09-23 04:00:00+00:00,8914.8,8321.8,6.3,model,2026-09-22T12:28Z,smhi regional 9 cities (fresh),2026-09-23,v2,False,,,8923.0,-8.200000000000728,-601.2000000000007
2026-09-23 05:00:00+00:00,9504.3,9149.8,6.4,model,2026-09-22T12:28Z,smhi regional 9 cities (fresh),2026-09-23,v2,False,,,9519.25,-14.950000000000728,-369.4500000000007
2026-09-23 06:00:00+00:00,9633.5,9352.8,7.5,model,2026-09-22T12:28Z,smhi regional 9 cities (fresh),2026-09-23,v2,False,,,9806.75,-173.25,-453.9500000000007
2026-09-23 07:00:00+00:00,9509.3,9496.0,9.2,model,2026-09-22T12:28Z,smhi regional 9 cities (fresh),2026-09-23,v2,False,,,9625.75,-116.45000000000073,-129.75
2026-09-23 08:00:00+00:00,9323.4,9423.8,11.4,model,2026-09-22T12:28Z,smhi regional 9 cities (fresh),2026-09-23,v2,False,,,9591.0,-267.60000000000036,-167.20000000000073
2026-09-23 09:00:00+00:00,9192.8,9383.2,13.1,model,2026-09-22T12:28Z,smhi regional 9 cities (fresh),2026-09-23,v2,False,,,9409.25,-216.45000000000073,-26.049999999999272
2026-09-23 10:00:00+00:00,9061.0,9160.8,14.3,model,2026-09-22T12:28Z,smhi regional 9 cities (fresh),2026-09-23,v2,False,,,9278.25,-217.25,-117.45000000000073
2026-09-23 11:00:00+00:00,8986.0,9186.0,15.2,model,2026-09-22T12:28Z,smhi regional 9 cities (fresh),2026-09-23,v2,False,,,9269.75,-283.75,-83.75
2026-09-23 12:00:00+00:00,8881.3,9069.8,15.7,model,2026-09-22T12:28Z,smhi regional 9 cities (fresh),2026-09-23,v2,False,,,9211.0,-329.7000000000007,-141.20000000000073
2026-09-23 13:00:00+00:00,8880.5,9236.5,15.9,model,2026-09-22T12:28Z,smhi regional 9 cities (fresh),2026-09-23,v2,False,,,9253.5,-373.0,-17.0
2026-09-23 14:00:00+00:00,8937.4,9281.0,15.9,model,2026-09-22T12:28Z,smhi regional 9 cities (fresh),2026-09-23,v2,False,,,9283.5,-346.10000000000036,-2.5
2026-09-23 15:00:00+00:00,9136.0,9485.5,15.5,model,2026-09-22T12:28Z,smhi regional 9 cities (fresh),2026-09-23,v2,False,,,9420.0,-284.0,65.5
2026-09-23 16:00:00+00:00,9188.5,9454.5,14.7,model,2026-09-22T12:28Z,smhi regional 9 cities (fresh),2026-09-23,v2,False,,,9454.25,-265.75,0.25
2026-09-23 17:00:00+00:00,9337.7,9386.8,13.1,model,2026-09-22T12:28Z,smhi regional 9 cities (fresh),2026-09-23,v2,False,,,9570.0,-232.29999999999927,-183.20000000000073
2026-09-23 18:00:00+00:00,9251.1,9393.2,12.0,model,2026-09-22T12:28Z,smhi regional 9 cities (fresh),2026-09-23,v2,False,,,9518.75,-267.64999999999964,-125.54999999999927
2026-09-23 19:00:00+00:00,8937.4,8917.2,11.4,model,2026-09-22T12:28Z,smhi regional 9 cities (fresh),2026-09-23,v2,False,,,8980.5,-43.100000000000364,-63.29999999999927
2026-09-23 20:00:00+00:00,8475.5,8547.5,10.9,model,2026-09-22T12:28Z,smhi regional 9 cities (fresh),2026-09-23,v2,False,,,8674.5,-199.0,-127.0
2026-09-23 21:00:00+00:00,8119.2,8470.0,10.6,model,2026-09-22T12:28Z,smhi regional 9 cities (fresh),2026-09-23,v2,False,,,8367.0,-247.80000000000018,103.0
2026-09-23 22:00:00+00:00,7744.6,7722.0,11.5,model,2026-09-23T09:30Z,smhi regional 9 cities (fresh),2026-09-24,v2,True,7318.9,8085.1,7772.75,-28.149999999999636,-50.75
2026-09-23 23:00:00+00:00,7592.6,7571.0,11.3,model,2026-09-23T09:30Z,smhi regional 9 cities (fresh),2026-09-24,v2,True,7166.9,7933.1,7642.75,-50.149999999999636,-71.75
2026-09-24 00:00:00+00:00,7356.1,7429.8,11.2,model,2026-09-23T09:30Z,smhi regional 9 cities (fresh),2026-09-24,v2,True,6930.4,7696.6,7644.25,-288.14999999999964,-214.44999999999982
2026-09-24 01:00:00+00:00,7232.1,7329.8,11.2,model,2026-09-23T09:30Z,smhi regional 9 cities (fresh),2026-09-24,v2,True,6806.4,7572.6,7611.25,-379.14999999999964,-281.4499999999998
2026-09-24 02:00:00+00:00,7289.0,7310.2,10.9,model,2026-09-23T09:30Z,smhi regional 9 cities (fresh),2026-09-24,v2,True,6863.3,7629.5,7717.0,-428.0,-406.8000000000002
2026-09-24 03:00:00+00:00,7654.6,7546.8,10.5,model,2026-09-23T09:30Z,smhi regional 9 cities (fresh),2026-09-24,v2,True,7228.9,7995.1,7879.75,-225.14999999999964,-332.9499999999998
2026-09-24 04:00:00+00:00,8519.9,8420.0,9.8,model,2026-09-23T09:30Z,smhi regional 9 cities (fresh),2026-09-24,v2,True,8107.2,8966.5,8853.75,-333.85000000000036,-433.75
2026-09-24 05:00:00+00:00,9108.5,8924.0,9.6,model,2026-09-23T09:30Z,smhi regional 9 cities (fresh),2026-09-24,v2,True,8695.8,9555.1,9409.0,-300.5,-485.0
2026-09-24 06:00:00+00:00,9295.9,9154.8,10.3,model,2026-09-23T09:30Z,smhi regional 9 cities (fresh),2026-09-24,v2,True,8883.2,9742.5,9555.75,-259.85000000000036,-400.9500000000007
2026-09-24 07:00:00+00:00,9297.6,9240.0,11.5,model,2026-09-23T09:30Z,smhi regional 9 cities (fresh),2026-09-24,v2,True,8884.9,9744.2,9357.75,-60.149999999999636,-117.75
2026-09-24 08:00:00+00:00,9221.6,9195.0,12.8,model,2026-09-23T09:30Z,smhi regional 9 cities (fresh),2026-09-24,v2,True,8808.8,9668.1,9135.0,86.60000000000036,60.0
2026-09-24 09:00:00+00:00,9125.5,9260.2,14.1,model,2026-09-23T09:30Z,smhi regional 9 cities (fresh),2026-09-24,v2,True,8712.7,9572.0,9100.75,24.75,159.45000000000073
2026-09-24 10:00:00+00:00,9086.3,9350.8,15.1,model,2026-09-23T09:30Z,smhi regional 9 cities (fresh),2026-09-24,v2,True,8612.7,9601.7,9121.0,-34.70000000000073,229.79999999999927
2026-09-24 11:00:00+00:00,8985.6,9167.5,15.9,model,2026-09-23T09:30Z,smhi regional 9 cities (fresh),2026-09-24,v2,True,8512.0,9501.0,8933.75,51.850000000000364,233.75
2026-09-24 12:00:00+00:00,8931.9,9176.5,16.5,model,2026-09-23T09:30Z,smhi regional 9 cities (fresh),2026-09-24,v2,True,8458.2,9447.2,8810.75,121.14999999999964,365.75
2026-09-24 13:00:00+00:00,8925.7,9198.8,16.8,model,2026-09-23T09:30Z,smhi regional 9 cities (fresh),2026-09-24,v2,True,8452.0,9441.0,8977.25,-51.54999999999927,221.54999999999927
2026-09-24 14:00:00+00:00,8944.8,9218.8,16.8,model,2026-09-23T09:30Z,smhi regional 9 cities (fresh),2026-09-24,v2,True,8471.2,9460.2,9050.5,-105.70000000000073,168.29999999999927
2026-09-24 15:00:00+00:00,9168.3,9404.8,16.4,model,2026-09-23T09:30Z,smhi regional 9 cities (fresh),2026-09-24,v2,True,8694.6,9683.6,9402.5,-234.20000000000073,2.2999999999992724
2026-09-24 16:00:00+00:00,9249.4,9461.0,15.3,model,2026-09-23T09:30Z,smhi regional 9 cities (fresh),2026-09-24,v2,True,8839.3,9656.8,9420.25,-170.85000000000036,40.75
2026-09-24 17:00:00+00:00,9270.0,9360.0,13.8,model,2026-09-23T09:30Z,smhi regional 9 cities (fresh),2026-09-24,v2,True,8859.9,9677.4,9444.25,-174.25,-84.25
2026-09-24 18:00:00+00:00,9137.9,9393.5,12.6,model,2026-09-23T09:30Z,smhi regional 9 cities (fresh),2026-09-24,v2,True,8727.8,9545.2,9336.0,-198.10000000000036,57.5
2026-09-24 19:00:00+00:00,8779.0,9029.2,11.8,model,2026-09-23T09:30Z,smhi regional 9 cities (fresh),2026-09-24,v2,True,8368.9,9186.3,8990.25,-211.25,38.95000000000073
2026-09-24 20:00:00+00:00,8343.8,8552.0,11.3,model,2026-09-23T09:30Z,smhi regional 9 cities (fresh),2026-09-24,v2,True,7933.7,8751.1,8567.0,-223.20000000000073,-15.0
2026-09-24 21:00:00+00:00,7938.7,8035.0,10.8,model,2026-09-23T09:30Z,smhi regional 9 cities (fresh),2026-09-24,v2,True,7528.6,8346.0,8169.0,-230.30000000000018,-134.0
2026-09-24 22:00:00+00:00,7547.9,7568.2,12.1,model,2026-09-24T09:28Z,smhi regional 9 cities (fresh),2026-09-25,v2,True,7127.2,7893.9,7854.25,-306.35000000000036,-286.0500000000002
2026-09-24 23:00:00+00:00,7423.6,7534.5,11.9,model,2026-09-24T09:28Z,smhi regional 9 cities (fresh),2026-09-25,v2,True,7002.9,7769.6,7595.5,-171.89999999999964,-61.0
2026-09-25 00:00:00+00:00,7275.4,7415.8,11.5,model,2026-09-24T09:28Z,smhi regional 9 cities (fresh),2026-09-25,v2,True,6854.7,7621.4,7519.5,-244.10000000000036,-103.69999999999982
2026-09-25 01:00:00+00:00,7263.5,7186.8,11.2,model,2026-09-24T09:28Z,smhi regional 9 cities (fresh),2026-09-25,v2,True,6842.8,7609.5,7370.75,-107.25,-183.94999999999982
2026-09-25 02:00:00+00:00,7189.5,7075.0,11.0,model,2026-09-24T09:28Z,smhi regional 9 cities (fresh),2026-09-25,v2,True,6768.8,7535.5,7346.25,-156.75,-271.25
2026-09-25 03:00:00+00:00,7532.0,7413.5,10.7,model,2026-09-24T09:28Z,smhi regional 9 cities (fresh),2026-09-25,v2,True,7111.4,7878.0,7726.25,-194.25,-312.75
2026-09-25 04:00:00+00:00,8415.1,8284.8,10.5,model,2026-09-24T09:28Z,smhi regional 9 cities (fresh),2026-09-25,v2,True,7993.5,8860.0,8415.25,-0.1499999999996362,-130.45000000000073
2026-09-25 05:00:00+00:00,9109.2,8981.2,10.3,model,2026-09-24T09:28Z,smhi regional 9 cities (fresh),2026-09-25,v2,True,8687.6,9554.1,9223.75,-114.54999999999927,-242.54999999999927
2026-09-25 06:00:00+00:00,9277.5,9114.2,10.9,model,2026-09-24T09:28Z,smhi regional 9 cities (fresh),2026-09-25,v2,True,8855.9,9722.4,9627.0,-349.5,-512.7999999999993
2026-09-25 07:00:00+00:00,9196.2,9047.2,11.8,model,2026-09-24T09:28Z,smhi regional 9 cities (fresh),2026-09-25,v2,True,8774.7,9641.1,9446.0,-249.79999999999927,-398.7999999999993
2026-09-25 08:00:00+00:00,9206.1,9084.8,12.7,model,2026-09-24T09:28Z,smhi regional 9 cities (fresh),2026-09-25,v2,True,8784.6,9651.0,9402.0,-195.89999999999964,-317.2000000000007
2026-09-25 09:00:00+00:00,9078.9,9013.2,13.9,model,2026-09-24T09:28Z,smhi regional 9 cities (fresh),2026-09-25,v2,True,8657.4,9523.8,9358.5,-279.60000000000036,-345.2999999999993
2026-09-25 10:00:00+00:00,8954.2,8824.0,14.9,model,2026-09-24T09:28Z,smhi regional 9 cities (fresh),2026-09-25,v2,True,8470.3,9458.9,9217.25,-263.0499999999993,-393.25
2026-09-25 11:00:00+00:00,8850.3,8711.2,15.2,model,2026-09-24T09:28Z,smhi regional 9 cities (fresh),2026-09-25,v2,True,8366.3,9355.0,9194.0,-343.7000000000007,-482.7999999999993
2026-09-25 12:00:00+00:00,8715.8,8418.2,15.7,model,2026-09-24T09:28Z,smhi regional 9 cities (fresh),2026-09-25,v2,True,8231.8,9220.5,9162.75,-446.9500000000007,-744.5499999999993
2026-09-25 13:00:00+00:00,8610.4,8314.2,15.6,model,2026-09-24T09:28Z,smhi regional 9 cities (fresh),2026-09-25,v2,True,8126.4,9115.1,9028.75,-418.35000000000036,-714.5499999999993
2026-09-25 14:00:00+00:00,8740.9,8559.2,15.3,model,2026-09-24T09:28Z,smhi regional 9 cities (fresh),2026-09-25,v2,True,8257.0,9245.7,8998.75,-257.85000000000036,-439.5499999999993
2026-09-25 15:00:00+00:00,8856.6,8713.0,14.9,model,2026-09-24T09:28Z,smhi regional 9 cities (fresh),2026-09-25,v2,True,8372.7,9361.4,9163.0,-306.39999999999964,-450.0
2026-09-25 16:00:00+00:00,8922.2,8930.8,14.4,model,2026-09-24T09:28Z,smhi regional 9 cities (fresh),2026-09-25,v2,True,8513.2,9324.5,9050.75,-128.54999999999927,-119.95000000000073
2026-09-25 17:00:00+00:00,8963.9,9069.0,13.7,model,2026-09-24T09:28Z,smhi regional 9 cities (fresh),2026-09-25,v2,True,8554.8,9366.1,8862.75,101.14999999999964,206.25
2026-09-25 18:00:00+00:00,8609.6,8611.5,13.0,model,2026-09-24T09:28Z,smhi regional 9 cities (fresh),2026-09-25,v2,True,8200.6,9011.9,8730.0,-120.39999999999964,-118.5
2026-09-25 19:00:00+00:00,8152.6,8149.0,12.6,model,2026-09-24T09:28Z,smhi regional 9 cities (fresh),2026-09-25,v2,True,7743.6,8554.8,8362.25,-209.64999999999964,-213.25
2026-09-25 20:00:00+00:00,7846.9,7878.2,12.4,model,2026-09-24T09:28Z,smhi regional 9 cities (fresh),2026-09-25,v2,True,7437.8,8249.1,7892.75,-45.850000000000364,-14.550000000000182
2026-09-25 21:00:00+00:00,7548.0,7567.2,12.3,model,2026-09-24T09:28Z,smhi regional 9 cities (fresh),2026-09-25,v2,True,7138.9,7950.2,7651.5,-103.5,-84.30000000000018
2026-09-25 22:00:00+00:00,7110.6,7157.8,12.3,model,2026-09-25T09:46Z,smhi regional 9 cities (fresh),2026-09-26,v2,True,6691.2,7461.8,7501.75,-391.14999999999964,-343.9499999999998
2026-09-25 23:00:00+00:00,6942.5,7001.5,12.3,model,2026-09-25T09:46Z,smhi regional 9 cities (fresh),2026-09-26,v2,True,6523.1,7293.7,7323.5,-381.0,-322.0
2026-09-26 00:00:00+00:00,6886.0,6860.5,12.4,model,2026-09-25T09:46Z,smhi regional 9 cities (fresh),2026-09-26,v2,True,6466.5,7237.2,7171.0,-285.0,-310.5
2026-09-26 01:00:00+00:00,6812.7,6784.0,12.4,model,2026-09-25T09:46Z,smhi regional 9 cities (fresh),2026-09-26,v2,True,6393.3,7163.9,7079.5,-266.8000000000002,-295.5
2026-09-26 02:00:00+00:00,6771.1,6834.0,12.5,model,2026-09-25T09:46Z,smhi regional 9 cities (fresh),2026-09-26,v2,True,6351.7,7122.3,7125.25,-354.14999999999964,-291.25
2026-09-26 03:00:00+00:00,6814.8,6814.2,12.4,model,2026-09-25T09:46Z,smhi regional 9 cities (fresh),2026-09-26,v2,True,6395.3,7166.0,7218.0,-403.1999999999998,-403.8000000000002
2026-09-26 04:00:00+00:00,6950.8,7031.5,12.5,model,2026-09-25T09:46Z,smhi regional 9 cities (fresh),2026-09-26,v2,True,6532.1,7398.7,7226.5,-275.6999999999998,-195.0
2026-09-26 05:00:00+00:00,7112.7,7186.5,12.6,model,2026-09-25T09:46Z,smhi regional 9 cities (fresh),2026-09-26,v2,True,6694.1,7560.6,7488.5,-375.8000000000002,-302.0
2026-09-26 06:00:00+00:00,7358.1,7466.2,12.9,model,2026-09-25T09:46Z,smhi regional 9 cities (fresh),2026-09-26,v2,True,6939.5,7806.0,7858.0,-499.89999999999964,-391.8000000000002
2026-09-26 07:00:00+00:00,7553.5,7716.5,13.2,model,2026-09-25T09:46Z,smhi regional 9 cities (fresh),2026-09-26,v2,True,7134.9,8001.4,7924.25,-370.75,-207.75
2026-09-26 08:00:00+00:00,7803.1,7935.2,13.7,model,2026-09-25T09:46Z,smhi regional 9 cities (fresh),2026-09-26,v2,True,7384.4,8251.0,8158.5,-355.39999999999964,-223.30000000000018
2026-09-26 09:00:00+00:00,7918.8,8184.5,14.3,model,2026-09-25T09:46Z,smhi regional 9 cities (fresh),2026-09-26,v2,True,7500.1,8366.7,8026.75,-107.94999999999982,157.75
2026-09-26 10:00:00+00:00,7935.4,8188.5,14.8,model,2026-09-25T09:46Z,smhi regional 9 cities (fresh),2026-09-26,v2,True,7459.0,8440.0,7906.0,29.399999999999636,282.5
2026-09-26 11:00:00+00:00,7919.6,8291.2,15.1,model,2026-09-25T09:46Z,smhi regional 9 cities (fresh),2026-09-26,v2,True,7443.2,8424.2,7980.5,-60.899999999999636,310.7000000000007
2026-09-26 12:00:00+00:00,7842.0,8299.5,15.5,model,2026-09-25T09:46Z,smhi regional 9 cities (fresh),2026-09-26,v2,True,7365.7,8346.7,7914.25,-72.25,385.25
2026-09-26 13:00:00+00:00,7886.9,8204.8,15.5,model,2026-09-25T09:46Z,smhi regional 9 cities (fresh),2026-09-26,v2,True,7410.5,8391.5,7851.75,35.149999999999636,353.0499999999993
2026-09-26 14:00:00+00:00,7934.6,8167.2,15.4,model,2026-09-25T09:46Z,smhi regional 9 cities (fresh),2026-09-26,v2,True,7458.3,8439.3,8012.5,-77.89999999999964,154.69999999999982
2026-09-26 15:00:00+00:00,8196.9,8289.8,15.0,model,2026-09-25T09:46Z,smhi regional 9 cities (fresh),2026-09-26,v2,True,7720.6,8701.6,8447.25,-250.35000000000036,-157.45000000000073
2026-09-26 16:00:00+00:00,8273.0,8246.5,14.3,model,2026-09-25T09:46Z,smhi regional 9 cities (fresh),2026-09-26,v2,True,7867.0,8680.4,8761.5,-488.5,-515.0
2026-09-26 17:00:00+00:00,8287.9,8253.2,13.3,model,2026-09-25T09:46Z,smhi regional 9 cities (fresh),2026-09-26,v2,True,7882.0,8695.4,8773.75,-485.85000000000036,-520.5499999999993
2026-09-26 18:00:00+00:00,8087.3,8199.8,12.5,model,2026-09-25T09:46Z,smhi regional 9 cities (fresh),2026-09-26,v2,True,7681.3,8494.8,8439.75,-352.4499999999998,-239.95000000000073
2026-09-26 19:00:00+00:00,7812.7,7969.8,11.9,model,2026-09-25T09:46Z,smhi regional 9 cities (fresh),2026-09-26,v2,True,7406.7,8220.2,8129.0,-316.3000000000002,-159.19999999999982
2026-09-26 20:00:00+00:00,7595.7,7775.5,11.2,model,2026-09-25T09:46Z,smhi regional 9 cities (fresh),2026-09-26,v2,True,7189.7,8003.2,7870.25,-274.5500000000002,-94.75
2026-09-26 21:00:00+00:00,7341.8,7434.8,10.6,model,2026-09-25T09:46Z,smhi regional 9 cities (fresh),2026-09-26,v2,True,6935.8,7749.3,7505.0,-163.19999999999982,-70.19999999999982
2026-09-26 22:00:00+00:00,7082.6,7073.0,10.0,model,2026-09-26T09:30Z,smhi regional 9 cities (fresh),2026-09-27,v2,True,6656.7,7422.7,7442.75,-360.14999999999964,-369.75
2026-09-26 23:00:00+00:00,7019.3,6975.8,9.6,model,2026-09-26T09:30Z,smhi regional 9 cities (fresh),2026-09-27,v2,True,6593.4,7359.4,7286.5,-267.1999999999998,-310.6999999999998
2026-09-27 00:00:00+00:00,6939.9,6935.8,9.3,model,2026-09-26T09:30Z,smhi regional 9 cities (fresh),2026-09-27,v2,True,6514.0,7279.9,7193.5,-253.60000000000036,-257.6999999999998
2026-09-27 01:00:00+00:00,6937.3,6873.2,9.1,model,2026-09-26T09:30Z,smhi regional 9 cities (fresh),2026-09-27,v2,True,6511.4,7277.4,7146.5,-209.19999999999982,-273.3000000000002
2026-09-27 02:00:00+00:00,6870.6,6832.5,9.0,model,2026-09-26T09:30Z,smhi regional 9 cities (fresh),2026-09-27,v2,True,6444.7,7210.6,7119.0,-248.39999999999964,-286.5
2026-09-27 03:00:00+00:00,6943.0,6901.5,8.9,model,2026-09-26T09:30Z,smhi regional 9 cities (fresh),2026-09-27,v2,True,6517.1,7283.0,7144.0,-201.0,-242.5
2026-09-27 04:00:00+00:00,7053.8,7020.0,9.1,model,2026-09-26T09:30Z,smhi regional 9 cities (fresh),2026-09-27,v2,True,6642.2,7489.1,7309.0,-255.19999999999982,-289.0
2026-09-27 05:00:00+00:00,7225.0,7126.2,9.3,model,2026-09-26T09:30Z,smhi regional 9 cities (fresh),2026-09-27,v2,True,6813.3,7660.3,7524.0,-299.0,-397.8000000000002
2026-09-27 06:00:00+00:00,7561.8,7436.5,10.0,model,2026-09-26T09:30Z,smhi regional 9 cities (fresh),2026-09-27,v2,True,7150.1,7997.1,7792.5,-230.69999999999982,-356.0
2026-09-27 07:00:00+00:00,7706.2,7604.0,11.2,model,2026-09-26T09:30Z,smhi regional 9 cities (fresh),2026-09-27,v2,True,7294.5,8141.5,8196.5,-490.3000000000002,-592.5
2026-09-27 08:00:00+00:00,7859.4,7865.8,12.5,model,2026-09-26T09:30Z,smhi regional 9 cities (fresh),2026-09-27,v2,True,7447.7,8294.7,8330.0,-470.60000000000036,-464.1999999999998
2026-09-27 09:00:00+00:00,8002.1,8086.5,13.8,model,2026-09-26T09:30Z,smhi regional 9 cities (fresh),2026-09-27,v2,True,7590.4,8437.4,8364.75,-362.64999999999964,-278.25
2026-09-27 10:00:00+00:00,8065.9,8227.0,14.9,model,2026-09-26T09:30Z,smhi regional 9 cities (fresh),2026-09-27,v2,True,7586.6,8569.6,8351.25,-285.35000000000036,-124.25
2026-09-27 11:00:00+00:00,8013.5,8215.0,15.9,model,2026-09-26T09:30Z,smhi regional 9 cities (fresh),2026-09-27,v2,True,7534.3,8517.3,8055.25,-41.75,159.75
2026-09-27 12:00:00+00:00,8001.4,8160.5,16.5,model,2026-09-26T09:30Z,smhi regional 9 cities (fresh),2026-09-27,v2,True,7522.2,8505.1,8038.0,-36.600000000000364,122.5
2026-09-27 13:00:00+00:00,7973.1,8216.8,16.9,model,2026-09-26T09:30Z,smhi regional 9 cities (fresh),2026-09-27,v2,True,7493.8,8476.8,8060.75,-87.64999999999964,156.04999999999927
2026-09-27 14:00:00+00:00,8111.5,8294.2,17.1,model,2026-09-26T09:30Z,smhi regional 9 cities (fresh),2026-09-27,v2,True,7632.3,8615.2,8258.75,-147.25,35.45000000000073
2026-09-27 15:00:00+00:00,8515.4,8578.5,16.6,model,2026-09-26T09:30Z,smhi regional 9 cities (fresh),2026-09-27,v2,True,8036.2,9019.1,8739.25,-223.85000000000036,-160.75
2026-09-27 16:00:00+00:00,8736.7,8886.0,15.3,model,2026-09-26T09:30Z,smhi regional 9 cities (fresh),2026-09-27,v2,True,8325.9,9144.8,9057.25,-320.5499999999993,-171.25
2026-09-27 17:00:00+00:00,8973.0,9086.2,13.4,model,2026-09-26T09:30Z,smhi regional 9 cities (fresh),2026-09-27,v2,True,8562.2,9381.0,9067.75,-94.75,18.450000000000728
2026-09-27 18:00:00+00:00,8866.2,8973.8,12.1,model,2026-09-26T09:30Z,smhi regional 9 cities (fresh),2026-09-27,v2,True,8455.4,9274.3,8565.25,300.9500000000007,408.5499999999993
2026-09-27 19:00:00+00:00,8486.5,8485.8,11.4,model,2026-09-26T09:30Z,smhi regional 9 cities (fresh),2026-09-27,v2,True,8075.7,8894.5,8090.75,395.75,395.0499999999993
2026-09-27 20:00:00+00:00,8063.4,8104.5,10.9,model,2026-09-26T09:30Z,smhi regional 9 cities (fresh),2026-09-27,v2,True,7652.6,8471.5,7739.75,323.64999999999964,364.75
2026-09-27 21:00:00+00:00,7737.4,7765.8,10.7,model,2026-09-26T09:30Z,smhi regional 9 cities (fresh),2026-09-27,v2,True,7326.6,8145.5,7489.0,248.39999999999964,276.8000000000002
2026-09-27 22:00:00+00:00,7498.5,7324.2,10.7,model,2026-09-27T10:11Z,smhi regional 9 cities (fresh),2026-09-28,v2,False,7081.3,7838.9,7196.75,301.75,127.44999999999982
2026-09-27 23:00:00+00:00,7340.4,7168.2,10.7,model,2026-09-27T10:11Z,smhi regional 9 cities (fresh),2026-09-28,v2,False,6923.2,7680.7,7441.25,-100.85000000000036,-273.0500000000002
2026-09-28 00:00:00+00:00,7318.1,7110.2,10.7,model,2026-09-27T10:11Z,smhi regional 9 cities (fresh),2026-09-28,v2,False,6900.9,7658.4,7516.75,-198.64999999999964,-406.5500000000002
2026-09-28 01:00:00+00:00,7286.5,7085.2,10.8,model,2026-09-27T10:11Z,smhi regional 9 cities (fresh),2026-09-28,v2,False,6869.3,7626.8,7621.75,-335.25,-536.5500000000002
2026-09-28 02:00:00+00:00,7220.6,7064.5,11.0,model,2026-09-27T10:11Z,smhi regional 9 cities (fresh),2026-09-28,v2,False,6803.4,7560.9,7705.5,-484.89999999999964,-641.0
2026-09-28 03:00:00+00:00,7612.0,7556.0,11.3,model,2026-09-27T10:11Z,smhi regional 9 cities (fresh),2026-09-28,v2,False,7194.8,7952.4,7940.5,-328.5,-384.5
2026-09-28 04:00:00+00:00,8353.2,8486.5,11.6,model,2026-09-27T10:11Z,smhi regional 9 cities (fresh),2026-09-28,v2,False,7932.2,8801.2,8778.75,-425.5499999999993,-292.25
2026-09-28 05:00:00+00:00,9234.1,9332.0,11.8,model,2026-09-27T10:11Z,smhi regional 9 cities (fresh),2026-09-28,v2,False,8813.1,9682.1,9406.0,-171.89999999999964,-74.0
2026-09-28 06:00:00+00:00,9395.5,9563.2,12.4,model,2026-09-27T10:11Z,smhi regional 9 cities (fresh),2026-09-28,v2,False,8974.6,9843.6,9592.25,-196.75,-29.049999999999272
2026-09-28 07:00:00+00:00,9347.9,9587.2,13.2,model,2026-09-27T10:11Z,smhi regional 9 cities (fresh),2026-09-28,v2,False,8927.0,9796.0,9742.25,-394.35000000000036,-155.04999999999927
2026-09-28 08:00:00+00:00,9291.9,9396.8,14.4,model,2026-09-27T10:11Z,smhi regional 9 cities (fresh),2026-09-28,v2,False,8870.9,9739.9,9636.0,-344.10000000000036,-239.20000000000073
2026-09-28 09:00:00+00:00,9236.2,9125.5,15.5,model,2026-09-27T10:11Z,smhi regional 9 cities (fresh),2026-09-28,v2,False,8815.3,9684.3,9690.0,-453.7999999999993,-564.5
2026-09-28 10:00:00+00:00,9083.5,9000.8,16.3,model,2026-09-27T10:11Z,smhi regional 9 cities (fresh),2026-09-28,v2,False,8608.6,9591.1,9636.75,-553.25,-635.9500000000007
2026-09-28 11:00:00+00:00,9138.0,9140.2,16.5,model,2026-09-27T10:11Z,smhi regional 9 cities (fresh),2026-09-28,v2,False,8663.0,9645.5,9518.75,-380.75,-378.5499999999993
2026-09-28 12:00:00+00:00,9105.4,9131.8,16.6,model,2026-09-27T10:11Z,smhi regional 9 cities (fresh),2026-09-28,v2,False,8630.4,9612.9,9611.25,-505.85000000000036,-479.4500000000007
2026-09-28 13:00:00+00:00,9013.4,8946.0,16.4,model,2026-09-27T10:11Z,smhi regional 9 cities (fresh),2026-09-28,v2,False,8538.5,9521.0,9659.75,-646.3500000000004,-713.75
2026-09-28 14:00:00+00:00,9171.2,9199.5,16.0,model,2026-09-27T10:11Z,smhi regional 9 cities (fresh),2026-09-28,v2,False,8696.3,9678.8,9546.75,-375.5499999999993,-347.25
2026-09-28 15:00:00+00:00,9344.4,9600.8,15.6,model,2026-09-27T10:11Z,smhi regional 9 cities (fresh),2026-09-28,v2,False,8869.5,9852.0,9453.5,-109.10000000000036,147.29999999999927
2026-09-28 16:00:00+00:00,9372.1,9639.0,15.2,model,2026-09-27T10:11Z,smhi regional 9 cities (fresh),2026-09-28,v2,False,8966.6,9775.1,9405.0,-32.899999999999636,234.0
2026-09-28 17:00:00+00:00,9363.8,9573.8,14.7,model,2026-09-27T10:11Z,smhi regional 9 cities (fresh),2026-09-28,v2,False,8958.3,9766.8,9439.5,-75.70000000000073,134.29999999999927
2026-09-28 18:00:00+00:00,9111.9,9545.0,14.4,model,2026-09-27T10:11Z,smhi regional 9 cities (fresh),2026-09-28,v2,False,8706.4,9514.9,9306.5,-194.60000000000036,238.5
2026-09-28 19:00:00+00:00,8756.1,9143.8,14.2,model,2026-09-27T10:11Z,smhi regional 9 cities (fresh),2026-09-28,v2,False,8350.6,9159.1,8896.75,-140.64999999999964,247.04999999999927
2026-09-28 20:00:00+00:00,8300.6,8764.8,14.1,model,2026-09-27T10:11Z,smhi regional 9 cities (fresh),2026-09-28,v2,False,7895.1,8703.5,8484.5,-183.89999999999964,280.2999999999993
2026-09-28 21:00:00+00:00,7935.5,8406.0,14.0,model,2026-09-27T10:11Z,smhi regional 9 cities (fresh),2026-09-28,v2,False,7530.0,8338.5,7974.0,-38.5,432.0
2026-09-28 22:00:00+00:00,7539.2,7923.5,13.8,model,2026-09-28T11:11Z,smhi regional 9 cities (fresh),2026-09-29,v2,False,7117.6,7883.3,7614.0,-74.80000000000018,309.5
2026-09-28 23:00:00+00:00,7305.7,7727.5,13.5,model,2026-09-28T11:11Z,smhi regional 9 cities (fresh),2026-09-29,v2,False,6884.1,7649.7,7632.25,-326.5500000000002,95.25
2026-09-29 00:00:00+00:00,7135.2,7433.0,13.2,model,2026-09-28T11:11Z,smhi regional 9 cities (fresh),2026-09-29,v2,False,6713.5,7479.2,7701.5,-566.3000000000002,-268.5
2026-09-29 01:00:00+00:00,7124.8,7417.8,12.8,model,2026-09-28T11:11Z,smhi regional 9 cities (fresh),2026-09-29,v2,False,6703.1,7468.8,7510.0,-385.1999999999998,-92.19999999999982
2026-09-29 02:00:00+00:00,7209.5,7511.0,12.4,model,2026-09-28T11:11Z,smhi regional 9 cities (fresh),2026-09-29,v2,False,6787.8,7553.5,7522.75,-313.25,-11.75
2026-09-29 03:00:00+00:00,7551.3,8084.2,12.1,model,2026-09-28T11:11Z,smhi regional 9 cities (fresh),2026-09-29,v2,False,7129.7,7895.3,7853.0,-301.6999999999998,231.19999999999982
2026-09-29 04:00:00+00:00,8507.3,8902.2,11.8,model,2026-09-28T11:11Z,smhi regional 9 cities (fresh),2026-09-29,v2,False,8084.6,8952.5,8703.0,-195.70000000000073,199.20000000000073
2026-09-29 05:00:00+00:00,9204.5,9425.8,11.7,model,2026-09-28T11:11Z,smhi regional 9 cities (fresh),2026-09-29,v2,False,8781.8,9649.8,9440.0,-235.5,-14.200000000000728
2026-09-29 06:00:00+00:00,9361.9,9355.0,12.0,model,2026-09-28T11:11Z,smhi regional 9 cities (fresh),2026-09-29,v2,False,8939.2,9807.2,9413.25,-51.350000000000364,-58.25
2026-09-29 07:00:00+00:00,9333.8,9228.5,12.9,model,2026-09-28T11:11Z,smhi regional 9 cities (fresh),2026-09-29,v2,False,8911.1,9779.1,9356.75,-22.950000000000728,-128.25
2026-09-29 08:00:00+00:00,9328.3,9091.5,13.9,model,2026-09-28T11:11Z,smhi regional 9 cities (fresh),2026-09-29,v2,False,8905.7,9773.6,9431.0,-102.70000000000073,-339.5
2026-09-29 09:00:00+00:00,9174.9,8850.0,14.7,model,2026-09-28T11:11Z,smhi regional 9 cities (fresh),2026-09-29,v2,False,8752.2,9620.2,9430.25,-255.35000000000036,-580.25
2026-09-29 10:00:00+00:00,9097.3,8754.2,15.6,model,2026-09-28T11:11Z,smhi regional 9 cities (fresh),2026-09-29,v2,False,8623.9,9597.7,9187.0,-89.70000000000073,-432.7999999999993
2026-09-29 11:00:00+00:00,9025.4,8720.5,16.2,model,2026-09-28T11:11Z,smhi regional 9 cities (fresh),2026-09-29,v2,False,8552.0,9525.8,9041.5,-16.100000000000364,-321.0
2026-09-29 12:00:00+00:00,9015.3,8794.2,16.4,model,2026-09-28T11:11Z,smhi regional 9 cities (fresh),2026-09-29,v2,False,8541.8,9515.7,8987.0,28.299999999999272,-192.79999999999927
2026-09-29 13:00:00+00:00,9010.1,8696.2,16.5,model,2026-09-28T11:11Z,smhi regional 9 cities (fresh),2026-09-29,v2,False,8536.6,9510.5,9080.5,-70.39999999999964,-384.2999999999993
2026-09-29 14:00:00+00:00,9050.3,8840.5,16.4,model,2026-09-28T11:11Z,smhi regional 9 cities (fresh),2026-09-29,v2,False,8576.9,9550.7,9067.75,-17.450000000000728,-227.25
2026-09-29 15:00:00+00:00,9310.3,9226.2,16.0,model,2026-09-28T11:11Z,smhi regional 9 cities (fresh),2026-09-29,v2,False,8836.9,9810.7,9347.0,-36.70000000000073,-120.79999999999927
2026-09-29 16:00:00+00:00,9363.8,9256.0,15.0,model,2026-09-28T11:11Z,smhi regional 9 cities (fresh),2026-09-29,v2,False,8965.8,9766.9,9242.5,121.29999999999927,13.5
2026-09-29 17:00:00+00:00,9374.1,9394.8,14.0,model,2026-09-28T11:11Z,smhi regional 9 cities (fresh),2026-09-29,v2,False,8976.1,9777.2,9315.25,58.850000000000364,79.54999999999927
2026-09-29 18:00:00+00:00,9153.1,9324.2,13.2,model,2026-09-28T11:11Z,smhi regional 9 cities (fresh),2026-09-29,v2,False,8755.1,9556.2,9077.5,75.60000000000036,246.70000000000073
2026-09-29 19:00:00+00:00,8723.6,9021.5,12.6,model,2026-09-28T11:11Z,smhi regional 9 cities (fresh),2026-09-29,v2,False,8325.6,9126.7,8706.25,17.350000000000364,315.25
2026-09-29 20:00:00+00:00,8330.0,8585.8,12.0,model,2026-09-28T11:11Z,smhi regional 9 cities (fresh),2026-09-29,v2,False,7932.0,8733.0,8410.75,-80.75,175.04999999999927
2026-09-29 21:00:00+00:00,7986.9,8418.0,11.5,model,2026-09-28T11:11Z,smhi regional 9 cities (fresh),2026-09-29,v2,False,7588.9,8390.0,7998.75,-11.850000000000364,419.25
2026-09-29 22:00:00+00:00,7519.4,7951.0,12.1,model,2026-09-29T10:52Z,smhi regional 9 cities (fresh),2026-09-30,v2,False,7097.4,7865.7,7728.75,-209.35000000000036,222.25
2026-09-29 23:00:00+00:00,7344.6,7750.0,12.0,model,2026-09-29T10:52Z,smhi regional 9 cities (fresh),2026-09-30,v2,False,6922.7,7690.9,7676.75,-332.14999999999964,73.25
2026-09-30 00:00:00+00:00,7324.0,7601.5,12.0,model,2026-09-29T10:52Z,smhi regional 9 cities (fresh),2026-09-30,v2,False,6902.0,7670.3,7651.5,-327.5,-50.0
2026-09-30 01:00:00+00:00,7296.7,7660.8,11.8,model,2026-09-29T10:52Z,smhi regional 9 cities (fresh),2026-09-30,v2,False,6874.7,7643.0,7391.75,-95.05000000000018,269.0500000000002
2026-09-30 02:00:00+00:00,7329.9,7583.5,11.8,model,2026-09-29T10:52Z,smhi regional 9 cities (fresh),2026-09-30,v2,False,6907.9,7676.1,7353.0,-23.100000000000364,230.5
2026-09-30 03:00:00+00:00,7627.4,7970.5,11.7,model,2026-09-29T10:52Z,smhi regional 9 cities (fresh),2026-09-30,v2,False,7205.4,7973.7,7651.0,-23.600000000000364,319.5
2026-09-30 04:00:00+00:00,8616.8,8923.0,11.6,model,2026-09-29T10:52Z,smhi regional 9 cities (fresh),2026-09-30,v2,False,8201.7,9066.5,8641.25,-24.450000000000728,281.75
2026-09-30 05:00:00+00:00,9214.0,9519.2,11.7,model,2026-09-29T10:52Z,smhi regional 9 cities (fresh),2026-09-30,v2,False,8798.9,9663.7,9159.5,54.5,359.7000000000007
2026-09-30 06:00:00+00:00,9413.0,9806.8,12.1,model,2026-09-29T10:52Z,smhi regional 9 cities (fresh),2026-09-30,v2,False,8997.9,9862.7,9393.75,19.25,413.0499999999993
2026-09-30 07:00:00+00:00,9455.3,9625.8,12.9,model,2026-09-29T10:52Z,smhi regional 9 cities (fresh),2026-09-30,v2,False,9040.2,9905.0,9525.75,-70.45000000000073,100.04999999999927
2026-09-30 08:00:00+00:00,9343.8,9591.0,13.7,model,2026-09-29T10:52Z,smhi regional 9 cities (fresh),2026-09-30,v2,False,8928.8,9793.5,9472.25,-128.45000000000073,118.75
2026-09-30 09:00:00+00:00,9278.6,9409.2,14.8,model,2026-09-29T10:52Z,smhi regional 9 cities (fresh),2026-09-30,v2,False,8863.5,9728.2,9365.0,-86.39999999999964,44.20000000000073
2026-09-30 10:00:00+00:00,9211.7,9278.2,15.7,model,2026-09-29T10:52Z,smhi regional 9 cities (fresh),2026-09-30,v2,False,8747.7,9718.1,9329.75,-118.04999999999927,-51.54999999999927
2026-09-30 11:00:00+00:00,9172.6,9269.8,16.6,model,2026-09-29T10:52Z,smhi regional 9 cities (fresh),2026-09-30,v2,False,8708.6,9679.0,9211.0,-38.399999999999636,58.79999999999927
2026-09-30 12:00:00+00:00,9152.2,9211.0,17.1,model,2026-09-29T10:52Z,smhi regional 9 cities (fresh),2026-09-30,v2,False,8688.2,9658.6,9061.5,90.70000000000073,149.5
2026-09-30 13:00:00+00:00,9157.4,9253.5,17.2,model,2026-09-29T10:52Z,smhi regional 9 cities (fresh),2026-09-30,v2,False,8693.4,9663.8,9136.5,20.899999999999636,117.0
2026-09-30 14:00:00+00:00,9182.8,9283.5,17.0,model,2026-09-29T10:52Z,smhi regional 9 cities (fresh),2026-09-30,v2,False,8718.8,9689.2,9187.0,-4.200000000000728,96.5
2026-09-30 15:00:00+00:00,9293.8,9420.0,16.5,model,2026-09-29T10:52Z,smhi regional 9 cities (fresh),2026-09-30,v2,False,8829.8,9800.2,9461.25,-167.45000000000073,-41.25
2026-09-30 16:00:00+00:00,9308.2,9454.2,15.6,model,2026-09-29T10:52Z,smhi regional 9 cities (fresh),2026-09-30,v2,False,8909.2,9705.4,9493.5,-185.29999999999927,-39.29999999999927
2026-09-30 17:00:00+00:00,9294.0,9570.0,14.7,model,2026-09-29T10:52Z,smhi regional 9 cities (fresh),2026-09-30,v2,False,8894.9,9691.2,9371.75,-77.75,198.25
2026-09-30 18:00:00+00:00,9151.2,9518.8,14.1,model,2026-09-29T10:52Z,smhi regional 9 cities (fresh),2026-09-30,v2,False,8752.2,9548.5,9261.25,-110.04999999999927,257.5499999999993
2026-09-30 19:00:00+00:00,8739.2,8980.5,13.7,model,2026-09-29T10:52Z,smhi regional 9 cities (fresh),2026-09-30,v2,False,8340.1,9136.4,8853.5,-114.29999999999927,127.0
2026-09-30 20:00:00+00:00,8348.1,8674.5,13.4,model,2026-09-29T10:52Z,smhi regional 9 cities (fresh),2026-09-30,v2,False,7949.0,8745.3,8417.25,-69.14999999999964,257.25
2026-09-30 21:00:00+00:00,7890.5,8367.0,13.1,model,2026-09-29T10:52Z,smhi regional 9 cities (fresh),2026-09-30,v2,False,7491.4,8287.7,8051.75,-161.25,315.25
2026-09-30 22:00:00+00:00,7582.4,7772.8,13.0,model,2026-09-30T10:42Z,smhi regional 9 cities (fresh),2026-10-01,v2,False,7150.6,7931.6,7641.5,-59.100000000000364,131.30000000000018
2026-09-30 23:00:00+00:00,7416.1,7642.8,12.8,model,2026-09-30T10:42Z,smhi regional 9 cities (fresh),2026-10-01,v2,False,6984.3,7765.3,7692.0,-275.89999999999964,-49.19999999999982
2026-10-01 00:00:00+00:00,7364.5,7644.2,12.5,model,2026-09-30T10:42Z,smhi regional 9 cities (fresh),2026-10-01,v2,False,6932.7,7713.7,7600.0,-235.5,44.19999999999982
2026-10-01 01:00:00+00:00,7324.1,7611.2,12.3,model,2026-09-30T10:42Z,smhi regional 9 cities (fresh),2026-10-01,v2,False,6892.3,7673.3,7368.75,-44.649999999999636,242.44999999999982
2026-10-01 02:00:00+00:00,7339.9,7717.0,11.9,model,2026-09-30T10:42Z,smhi regional 9 cities (fresh),2026-10-01,v2,False,6908.1,7689.1,7432.25,-92.35000000000036,284.75
2026-10-01 03:00:00+00:00,7563.4,7879.8,11.8,model,2026-09-30T10:42Z,smhi regional 9 cities (fresh),2026-10-01,v2,False,7131.6,7912.6,7787.25,-223.85000000000036,92.55000000000018
2026-10-01 04:00:00+00:00,8437.0,8853.8,11.7,model,2026-09-30T10:42Z,smhi regional 9 cities (fresh),2026-10-01,v2,False,8010.3,8879.7,8698.25,-261.25,155.54999999999927
2026-10-01 05:00:00+00:00,9158.2,9409.0,11.7,model,2026-09-30T10:42Z,smhi regional 9 cities (fresh),2026-10-01,v2,False,8731.5,9600.8,9280.0,-121.79999999999927,129.0
2026-10-01 06:00:00+00:00,9251.3,9555.8,12.2,model,2026-09-30T10:42Z,smhi regional 9 cities (fresh),2026-10-01,v2,False,8824.6,9694.0,9452.75,-201.45000000000073,103.04999999999927
2026-10-01 07:00:00+00:00,9186.2,9357.8,13.3,model,2026-09-30T10:42Z,smhi regional 9 cities (fresh),2026-10-01,v2,False,8759.5,9628.8,9339.5,-153.29999999999927,18.299999999999272
2026-10-01 08:00:00+00:00,9170.1,9135.0,14.7,model,2026-09-30T10:42Z,smhi regional 9 cities (fresh),2026-10-01,v2,False,8743.4,9612.8,9160.25,9.850000000000364,-25.25
2026-10-01 09:00:00+00:00,9105.7,9100.8,16.2,model,2026-09-30T10:42Z,smhi regional 9 cities (fresh),2026-10-01,v2,False,8679.0,9548.4,8919.75,185.95000000000073,181.04999999999927
2026-10-01 10:00:00+00:00,9128.7,9121.0,17.5,model,2026-09-30T10:42Z,smhi regional 9 cities (fresh),2026-10-01,v2,False,8656.3,9627.8,8901.5,227.20000000000073,219.5
2026-10-01 11:00:00+00:00,8967.1,8933.8,18.5,model,2026-09-30T10:42Z,smhi regional 9 cities (fresh),2026-10-01,v2,False,8494.7,9466.2,8695.5,271.60000000000036,238.29999999999927
2026-10-01 12:00:00+00:00,8838.4,8810.8,19.1,model,2026-09-30T10:42Z,smhi regional 9 cities (fresh),2026-10-01,v2,False,8366.0,9337.6,8646.75,191.64999999999964,164.04999999999927
2026-10-01 13:00:00+00:00,8912.4,8977.2,19.2,model,2026-09-30T10:42Z,smhi regional 9 cities (fresh),2026-10-01,v2,False,8440.0,9411.6,8738.0,174.39999999999964,239.20000000000073
2026-10-01 14:00:00+00:00,8979.6,9050.5,18.9,model,2026-09-30T10:42Z,smhi regional 9 cities (fresh),2026-10-01,v2,False,8507.2,9478.7,8978.75,0.8500000000003638,71.75
2026-10-01 15:00:00+00:00,9204.4,9402.5,18.1,model,2026-09-30T10:42Z,smhi regional 9 cities (fresh),2026-10-01,v2,False,8732.0,9703.5,9245.25,-40.850000000000364,157.25
2026-10-01 16:00:00+00:00,9215.8,9420.2,16.8,model,2026-09-30T10:42Z,smhi regional 9 cities (fresh),2026-10-01,v2,False,8818.1,9617.3,9119.0,96.79999999999927,301.2000000000007
2026-10-01 17:00:00+00:00,9187.7,9444.2,15.5,model,2026-09-30T10:42Z,smhi regional 9 cities (fresh),2026-10-01,v2,False,8790.1,9589.3,9183.0,4.700000000000728,261.2000000000007
2026-10-01 18:00:00+00:00,9014.1,9336.0,14.6,model,2026-09-30T10:42Z,smhi regional 9 cities (fresh),2026-10-01,v2,False,8616.5,9415.7,8902.5,111.60000000000036,433.5
2026-10-01 19:00:00+00:00,8602.9,8990.2,14.0,model,2026-09-30T10:42Z,smhi regional 9 cities (fresh),2026-10-01,v2,False,8205.3,9004.5,8730.0,-127.10000000000036,260.2000000000007
2026-10-01 20:00:00+00:00,8191.2,8567.0,13.6,model,2026-09-30T10:42Z,smhi regional 9 cities (fresh),2026-10-01,v2,False,7793.5,8592.7,8429.0,-237.80000000000018,138.0
2026-10-01 21:00:00+00:00,7752.7,8169.0,13.3,model,2026-09-30T10:42Z,smhi regional 9 cities (fresh),2026-10-01,v2,False,7355.0,8154.2,7911.0,-158.30000000000018,258.0
2026-10-01 22:00:00+00:00,7572.2,7854.2,13.2,model,2026-10-01T11:09Z,smhi regional 9 cities (fresh),2026-10-02,v2,False,7147.8,7921.4,7510.0,62.19999999999982,344.1999999999998
2026-10-01 23:00:00+00:00,7419.0,7595.5,13.0,model,2026-10-01T11:09Z,smhi regional 9 cities (fresh),2026-10-02,v2,False,6994.5,7768.1,7703.25,-284.25,-107.75
2026-10-02 00:00:00+00:00,7330.4,7519.5,12.7,model,2026-10-01T11:09Z,smhi regional 9 cities (fresh),2026-10-02,v2,False,6906.0,7679.6,7487.25,-156.85000000000036,32.25
2026-10-02 01:00:00+00:00,7161.3,7370.8,12.5,model,2026-10-01T11:09Z,smhi regional 9 cities (fresh),2026-10-02,v2,False,6736.9,7510.5,7332.5,-171.19999999999982,38.30000000000018
2026-10-02 02:00:00+00:00,7115.5,7346.2,12.3,model,2026-10-01T11:09Z,smhi regional 9 cities (fresh),2026-10-02,v2,False,6691.0,7464.6,7272.75,-157.25,73.44999999999982
2026-10-02 03:00:00+00:00,7451.4,7726.2,12.2,model,2026-10-01T11:09Z,smhi regional 9 cities (fresh),2026-10-02,v2,False,7026.9,7800.5,7530.0,-78.60000000000036,196.19999999999982
2026-10-02 04:00:00+00:00,8293.0,8415.2,12.0,model,2026-10-01T11:09Z,smhi regional 9 cities (fresh),2026-10-02,v2,False,7869.6,8744.1,8579.75,-286.75,-164.54999999999927
2026-10-02 05:00:00+00:00,9089.5,9223.8,11.9,model,2026-10-01T11:09Z,smhi regional 9 cities (fresh),2026-10-02,v2,False,8666.1,9540.5,9173.0,-83.5,50.79999999999927
2026-10-02 06:00:00+00:00,9223.4,9627.0,12.3,model,2026-10-01T11:09Z,smhi regional 9 cities (fresh),2026-10-02,v2,False,8800.0,9674.4,9535.75,-312.35000000000036,91.25
2026-10-02 07:00:00+00:00,9273.8,9446.0,13.4,model,2026-10-01T11:09Z,smhi regional 9 cities (fresh),2026-10-02,v2,False,8850.5,9724.9,9537.75,-263.9500000000007,-91.75
2026-10-02 08:00:00+00:00,9217.1,9402.0,14.7,model,2026-10-01T11:09Z,smhi regional 9 cities (fresh),2026-10-02,v2,False,8793.8,9668.2,9624.25,-407.14999999999964,-222.25
2026-10-02 09:00:00+00:00,9170.4,9358.5,15.7,model,2026-10-01T11:09Z,smhi regional 9 cities (fresh),2026-10-02,v2,False,8747.1,9621.5,9477.5,-307.10000000000036,-119.0
2026-10-02 10:00:00+00:00,9154.1,9217.2,16.6,model,2026-10-01T11:09Z,smhi regional 9 cities (fresh),2026-10-02,v2,False,8684.4,9655.5,9575.5,-421.39999999999964,-358.2999999999993
2026-10-02 11:00:00+00:00,9079.3,9194.0,16.7,model,2026-10-01T11:09Z,smhi regional 9 cities (fresh),2026-10-02,v2,False,8609.6,9580.6,9355.75,-276.4500000000007,-161.75
2026-10-02 12:00:00+00:00,8945.1,9162.8,16.9,model,2026-10-01T11:09Z,smhi regional 9 cities (fresh),2026-10-02,v2,False,8475.4,9446.5,9266.75,-321.64999999999964,-103.95000000000073
2026-10-02 13:00:00+00:00,8922.0,9028.8,16.8,model,2026-10-01T11:09Z,smhi regional 9 cities (fresh),2026-10-02,v2,False,8452.2,9423.3,9299.25,-377.25,-270.4500000000007
2026-10-02 14:00:00+00:00,8900.8,8998.8,16.5,model,2026-10-01T11:09Z,smhi regional 9 cities (fresh),2026-10-02,v2,False,8431.1,9402.2,9060.0,-159.20000000000073,-61.20000000000073
2026-10-02 15:00:00+00:00,9055.9,9163.0,15.9,model,2026-10-01T11:09Z,smhi regional 9 cities (fresh),2026-10-02,v2,False,8586.1,9557.2,9043.5,12.399999999999636,119.5
2026-10-02 16:00:00+00:00,9034.9,9050.8,14.9,model,2026-10-01T11:09Z,smhi regional 9 cities (fresh),2026-10-02,v2,False,8629.6,9427.3,9152.75,-117.85000000000036,-101.95000000000073
2026-10-02 17:00:00+00:00,8907.6,8862.8,14.0,model,2026-10-01T11:09Z,smhi regional 9 cities (fresh),2026-10-02,v2,False,8502.3,9300.1,8960.75,-53.149999999999636,-97.95000000000073
2026-10-02 18:00:00+00:00,8640.5,8730.0,13.2,model,2026-10-01T11:09Z,smhi regional 9 cities (fresh),2026-10-02,v2,False,8235.2,9033.0,8713.25,-72.75,16.75
2026-10-02 19:00:00+00:00,8263.5,8362.2,12.8,model,2026-10-01T11:09Z,smhi regional 9 cities (fresh),2026-10-02,v2,False,7858.2,8656.0,8357.5,-94.0,4.700000000000728
2026-10-02 20:00:00+00:00,7790.5,7892.8,12.7,model,2026-10-01T11:09Z,smhi regional 9 cities (fresh),2026-10-02,v2,False,7385.1,8182.9,7966.75,-176.25,-73.94999999999982
2026-10-02 21:00:00+00:00,7537.0,7651.5,12.5,model,2026-10-01T11:09Z,smhi regional 9 cities (fresh),2026-10-02,v2,False,7131.7,7929.5,7667.75,-130.75,-16.25
2026-10-02 22:00:00+00:00,7222.9,7501.8,12.4,model,2026-10-02T10:42Z,smhi regional 9 cities (fresh),2026-10-03,v2,False,6793.0,7570.5,7397.5,-174.60000000000036,104.30000000000018
2026-10-02 23:00:00+00:00,7063.3,7323.5,12.2,model,2026-10-02T10:42Z,smhi regional 9 cities (fresh),2026-10-03,v2,False,6633.4,7410.9,7176.0,-112.69999999999982,147.5
2026-10-03 00:00:00+00:00,6997.1,7171.0,11.9,model,2026-10-02T10:42Z,smhi regional 9 cities (fresh),2026-10-03,v2,False,6567.2,7344.7,7081.0,-83.89999999999964,90.0
2026-10-03 01:00:00+00:00,6830.4,7079.5,11.5,model,2026-10-02T10:42Z,smhi regional 9 cities (fresh),2026-10-03,v2,False,6400.5,7178.0,7180.0,-349.60000000000036,-100.5
2026-10-03 02:00:00+00:00,6841.9,7125.2,11.3,model,2026-10-02T10:42Z,smhi regional 9 cities (fresh),2026-10-03,v2,False,6412.0,7189.5,7164.75,-322.85000000000036,-39.55000000000018
2026-10-03 03:00:00+00:00,6984.8,7218.0,11.0,model,2026-10-02T10:42Z,smhi regional 9 cities (fresh),2026-10-03,v2,False,6554.9,7332.4,7096.25,-111.44999999999982,121.75
2026-10-03 04:00:00+00:00,7088.2,7226.5,10.7,model,2026-10-02T10:42Z,smhi regional 9 cities (fresh),2026-10-03,v2,False,6674.9,7535.6,7285.25,-197.05000000000018,-58.75
2026-10-03 05:00:00+00:00,7169.2,7488.5,10.5,model,2026-10-02T10:42Z,smhi regional 9 cities (fresh),2026-10-03,v2,False,6755.9,7616.6,7352.0,-182.80000000000018,136.5
2026-10-03 06:00:00+00:00,7575.1,7858.0,10.9,model,2026-10-02T10:42Z,smhi regional 9 cities (fresh),2026-10-03,v2,False,7161.8,8022.5,7647.5,-72.39999999999964,210.5
2026-10-03 07:00:00+00:00,7797.3,7924.2,12.0,model,2026-10-02T10:42Z,smhi regional 9 cities (fresh),2026-10-03,v2,False,7384.0,8244.7,7811.0,-13.699999999999818,113.19999999999982
2026-10-03 08:00:00+00:00,8092.3,8158.5,13.1,model,2026-10-02T10:42Z,smhi regional 9 cities (fresh),2026-10-03,v2,False,7679.0,8539.7,7959.25,133.05000000000018,199.25
2026-10-03 09:00:00+00:00,7853.6,8026.8,14.4,model,2026-10-02T10:42Z,smhi regional 9 cities (fresh),2026-10-03,v2,False,7440.3,8301.0,8007.0,-153.39999999999964,19.800000000000182
2026-10-03 10:00:00+00:00,7853.2,7906.0,15.6,model,2026-10-02T10:42Z,smhi regional 9 cities (fresh),2026-10-03,v2,False,7380.6,8347.9,7806.25,46.94999999999982,99.75
2026-10-03 11:00:00+00:00,7810.1,7980.5,16.4,model,2026-10-02T10:42Z,smhi regional 9 cities (fresh),2026-10-03,v2,False,7337.5,8304.8,7676.5,133.60000000000036,304.0
2026-10-03 12:00:00+00:00,7825.6,7914.2,16.9,model,2026-10-02T10:42Z,smhi regional 9 cities (fresh),2026-10-03,v2,False,7353.0,8320.3,7720.0,105.60000000000036,194.19999999999982
2026-10-03 13:00:00+00:00,7805.5,7851.8,17.2,model,2026-10-02T10:42Z,smhi regional 9 cities (fresh),2026-10-03,v2,False,7332.9,8300.2,7671.75,133.75,180.05000000000018
2026-10-03 14:00:00+00:00,7822.4,8012.5,17.3,model,2026-10-02T10:42Z,smhi regional 9 cities (fresh),2026-10-03,v2,False,7349.8,8317.1,7970.75,-148.35000000000036,41.75
2026-10-03 15:00:00+00:00,8248.6,8447.2,16.8,model,2026-10-02T10:42Z,smhi regional 9 cities (fresh),2026-10-03,v2,False,7776.0,8743.3,8384.25,-135.64999999999964,62.95000000000073
2026-10-03 16:00:00+00:00,8395.9,8761.5,16.0,model,2026-10-02T10:42Z,smhi regional 9 cities (fresh),2026-10-03,v2,False,7996.0,8791.0,8494.25,-98.35000000000036,267.25
2026-10-03 17:00:00+00:00,8343.6,8773.8,14.9,model,2026-10-02T10:42Z,smhi regional 9 cities (fresh),2026-10-03,v2,False,7943.8,8738.7,8284.0,59.600000000000364,489.7999999999993
2026-10-03 18:00:00+00:00,8182.5,8439.8,14.2,model,2026-10-02T10:42Z,smhi regional 9 cities (fresh),2026-10-03,v2,False,7782.7,8577.6,7887.0,295.5,552.7999999999993
2026-10-03 19:00:00+00:00,7955.2,8129.0,13.8,model,2026-10-02T10:42Z,smhi regional 9 cities (fresh),2026-10-03,v2,False,7555.3,8350.3,7819.0,136.19999999999982,310.0
2026-10-03 20:00:00+00:00,7688.3,7870.2,13.6,model,2026-10-02T10:42Z,smhi regional 9 cities (fresh),2026-10-03,v2,False,7288.5,8083.4,7643.25,45.05000000000018,226.94999999999982
2026-10-03 21:00:00+00:00,7307.8,7505.0,13.4,model,2026-10-02T10:42Z,smhi regional 9 cities (fresh),2026-10-03,v2,False,6907.9,7702.9,7495.75,-187.94999999999982,9.25
2026-10-03 22:00:00+00:00,7133.8,7442.8,13.0,model,2026-10-03T10:01Z,smhi regional 9 cities (fresh),2026-10-04,v2,False,6709.7,7485.8,7490.5,-356.6999999999998,-47.69999999999982
2026-10-03 23:00:00+00:00,7100.0,7286.5,12.6,model,2026-10-03T10:01Z,smhi regional 9 cities (fresh),2026-10-04,v2,False,6675.9,7452.0,7576.25,-476.25,-289.75
2026-10-04 00:00:00+00:00,6965.8,7193.5,12.4,model,2026-10-03T10:01Z,smhi regional 9 cities (fresh),2026-10-04,v2,False,6541.8,7317.8,7285.25,-319.4499999999998,-91.75
2026-10-04 01:00:00+00:00,6895.5,7146.5,12.3,model,2026-10-03T10:01Z,smhi regional 9 cities (fresh),2026-10-04,v2,False,6471.4,7247.5,7075.25,-179.75,71.25
2026-10-04 02:00:00+00:00,6785.9,7119.0,12.0,model,2026-10-03T10:01Z,smhi regional 9 cities (fresh),2026-10-04,v2,False,6361.8,7137.9,6954.5,-168.60000000000036,164.5
2026-10-04 03:00:00+00:00,6862.6,7144.0,11.7,model,2026-10-03T10:01Z,smhi regional 9 cities (fresh),2026-10-04,v2,False,6438.6,7214.6,6969.0,-106.39999999999964,175.0
2026-10-04 04:00:00+00:00,6958.8,7309.0,11.4,model,2026-10-03T10:01Z,smhi regional 9 cities (fresh),2026-10-04,v2,False,6537.6,7409.9,7166.25,-207.44999999999982,142.75
2026-10-04 05:00:00+00:00,7148.1,7524.0,11.2,model,2026-10-03T10:01Z,smhi regional 9 cities (fresh),2026-10-04,v2,False,6726.8,7599.1,7336.25,-188.14999999999964,187.75
2026-10-04 06:00:00+00:00,7497.4,7792.5,11.3,model,2026-10-03T10:01Z,smhi regional 9 cities (fresh),2026-10-04,v2,False,7076.2,7948.5,7740.0,-242.60000000000036,52.5
2026-10-04 07:00:00+00:00,7880.9,8196.5,12.0,model,2026-10-03T10:01Z,smhi regional 9 cities (fresh),2026-10-04,v2,False,7459.6,8331.9,7886.5,-5.600000000000364,310.0
2026-10-04 08:00:00+00:00,8224.0,8330.0,12.7,model,2026-10-03T10:01Z,smhi regional 9 cities (fresh),2026-10-04,v2,False,7802.8,8675.1,7971.5,252.5,358.5
2026-10-04 09:00:00+00:00,8150.3,8364.8,13.6,model,2026-10-03T10:01Z,smhi regional 9 cities (fresh),2026-10-04,v2,False,7729.1,8601.4,7959.0,191.30000000000018,405.7999999999993
2026-10-04 10:00:00+00:00,8085.9,8351.2,14.2,model,2026-10-03T10:01Z,smhi regional 9 cities (fresh),2026-10-04,v2,False,7609.9,8597.8,7857.75,228.14999999999964,493.4500000000007
2026-10-04 11:00:00+00:00,7964.3,8055.2,14.7,model,2026-10-03T10:01Z,smhi regional 9 cities (fresh),2026-10-04,v2,False,7488.3,8476.2,7856.5,107.80000000000018,198.69999999999982
2026-10-04 12:00:00+00:00,7982.8,8038.0,15.0,model,2026-10-03T10:01Z,smhi regional 9 cities (fresh),2026-10-04,v2,False,7506.9,8494.8,7811.0,171.80000000000018,227.0
2026-10-04 13:00:00+00:00,7984.1,8060.8,15.1,model,2026-10-03T10:01Z,smhi regional 9 cities (fresh),2026-10-04,v2,False,7508.1,8496.1,8217.0,-232.89999999999964,-156.19999999999982
2026-10-04 14:00:00+00:00,8221.4,8258.8,15.1,model,2026-10-03T10:01Z,smhi regional 9 cities (fresh),2026-10-04,v2,False,7745.4,8733.4,8688.0,-466.60000000000036,-429.2000000000007
2026-10-04 15:00:00+00:00,8687.1,8739.2,14.7,model,2026-10-03T10:01Z,smhi regional 9 cities (fresh),2026-10-04,v2,False,8211.1,9199.0,8778.25,-91.14999999999964,-39.04999999999927
2026-10-04 16:00:00+00:00,9017.1,9057.2,13.8,model,2026-10-03T10:01Z,smhi regional 9 cities (fresh),2026-10-04,v2,False,8613.8,9417.6,9021.0,-3.899999999999636,36.20000000000073
2026-10-04 17:00:00+00:00,9016.5,9067.8,13.1,model,2026-10-03T10:01Z,smhi regional 9 cities (fresh),2026-10-04,v2,False,8613.2,9417.0,9005.0,11.5,62.79999999999927
2026-10-04 18:00:00+00:00,8693.8,8565.2,12.8,model,2026-10-03T10:01Z,smhi regional 9 cities (fresh),2026-10-04,v2,False,8290.6,9094.4,8959.5,-265.7000000000007,-394.2999999999993
2026-10-04 19:00:00+00:00,8216.5,8090.8,12.7,model,2026-10-03T10:01Z,smhi regional 9 cities (fresh),2026-10-04,v2,False,7813.2,8617.1,8572.5,-356.0,-481.6999999999998
2026-10-04 20:00:00+00:00,7864.6,7739.8,12.6,model,2026-10-03T10:01Z,smhi regional 9 cities (fresh),2026-10-04,v2,False,7461.4,8265.2,8341.25,-476.64999999999964,-601.4499999999998
2026-10-04 21:00:00+00:00,7541.7,7489.0,12.5,model,2026-10-03T10:01Z,smhi regional 9 cities (fresh),2026-10-04,v2,False,7138.4,7942.2,8121.25,-579.5500000000002,-632.25
2026-10-04 22:00:00+00:00,7409.8,7196.8,12.6,model,2026-10-04T10:44Z,smhi regional 9 cities (fresh),2026-10-05,v2,False,6979.6,7762.1,7606.25,-196.44999999999982,-409.4499999999998
2026-10-04 23:00:00+00:00,7331.6,7441.2,12.5,model,2026-10-04T10:44Z,smhi regional 9 cities (fresh),2026-10-05,v2,False,6901.4,7683.9,7507.25,-175.64999999999964,-66.05000000000018
2026-10-05 00:00:00+00:00,7385.8,7516.8,12.4,model,2026-10-04T10:44Z,smhi regional 9 cities (fresh),2026-10-05,v2,False,6955.6,7738.1,7515.25,-129.44999999999982,1.550000000000182
2026-10-05 01:00:00+00:00,7353.1,7621.8,12.1,model,2026-10-04T10:44Z,smhi regional 9 cities (fresh),2026-10-05,v2,False,6923.0,7705.4,7338.75,14.350000000000364,283.0500000000002
2026-10-05 02:00:00+00:00,7385.9,7705.5,11.9,model,2026-10-04T10:44Z,smhi regional 9 cities (fresh),2026-10-05,v2,False,6955.7,7738.2,7426.25,-40.350000000000364,279.25
2026-10-05 03:00:00+00:00,7644.0,7940.5,12.0,model,2026-10-04T10:44Z,smhi regional 9 cities (fresh),2026-10-05,v2,False,7213.8,7996.2,7939.0,-295.0,1.5
2026-10-05 04:00:00+00:00,8568.2,8778.8,12.3,model,2026-10-04T10:44Z,smhi regional 9 cities (fresh),2026-10-05,v2,False,8151.2,9005.7,8825.5,-257.2999999999993,-46.70000000000073
2026-10-05 05:00:00+00:00,9282.8,9406.0,12.7,model,2026-10-04T10:44Z,smhi regional 9 cities (fresh),2026-10-05,v2,False,8865.7,9720.3,9414.25,-131.45000000000073,-8.25
2026-10-05 06:00:00+00:00,9419.0,9592.2,13.0,model,2026-10-04T10:44Z,smhi regional 9 cities (fresh),2026-10-05,v2,False,9002.0,9856.5,9901.5,-482.5,-309.2999999999993
2026-10-05 07:00:00+00:00,9476.1,9742.2,13.3,model,2026-10-04T10:44Z,smhi regional 9 cities (fresh),2026-10-05,v2,False,9059.1,9913.6,10785.0,-1308.8999999999996,-1042.7999999999993
2026-10-05 08:00:00+00:00,9409.2,9636.0,13.8,model,2026-10-04T10:44Z,smhi regional 9 cities (fresh),2026-10-05,v2,False,8992.1,9846.7,11921.25,-2512.0499999999993,-2285.25
2026-10-05 09:00:00+00:00,9394.0,9690.0,14.2,model,2026-10-04T10:44Z,smhi regional 9 cities (fresh),2026-10-05,v2,False,8977.0,9831.5,12007.75,-2613.75,-2317.75
2026-10-05 10:00:00+00:00,9372.6,9636.8,14.7,model,2026-10-04T10:44Z,smhi regional 9 cities (fresh),2026-10-05,v2,False,8905.7,9869.3,10631.0,-1258.3999999999996,-994.2000000000007
2026-10-05 11:00:00+00:00,9362.3,9518.8,15.1,model,2026-10-04T10:44Z,smhi regional 9 cities (fresh),2026-10-05,v2,False,8895.5,9859.1,9827.5,-465.2000000000007,-308.7000000000007
